n,harmonic_index,iqae_round,k,one_count,shots,round_one_count,round_shots,a_min,a_max,theta_min,theta_max,job_id,logical_depth,logical_size,transpiled_depth,transpiled_size,transpiled_ecr,transpiled_cz,transpiled_sx,transpiled_x,transpiled_rz,transpile_seconds,runtime_seconds,source,backend,condition,profile,shots_per_round,epsilon_target,alpha,repeat
5,1,1,0,146,512,146,512,0.23210503333565347,0.3427571202950287,0.08000347414340513,0.09954198283590444,d96v19k4ttfc73coovk0,65,142,285,552,0,92,224,0,235,0.009192466735839844,63.19071888923645,real_raw,ibm_berlin,runtime_raw,raw,512,0.005,0.05,0
5,1,2,3,279,512,279,512,0.2809429738526678,0.296816923497291,0.08891164994659025,0.09169893654697943,d96v1p9v0aoc73c2h1ag,68,145,3567,6398,0,1220,2673,0,2504,0.02106618881225586,62.65497064590454,real_raw,ibm_berlin,runtime_raw,raw,512,0.005,0.05,0
5,1,3,39,273,512,273,512,0.28786748407568646,0.28927367096578543,0.09013312334666222,0.0903800918292432,d96v29b0iros73egpiu0,104,181,43839,77438,0,15056,32579,0,29802,0.1997520923614502,65.62332224845886,real_raw,ibm_berlin,runtime_raw,raw,512,0.005,0.05,0
5,1,1,0,172,512,172,512,0.27985147603751725,0.3954943384994167,0.08871828403279043,0.1082438617395901,d96v2s44ttfc73cop10g,65,142,280,562,0,95,230,0,236,0.0054187774658203125,62.03710889816284,real_raw,ibm_berlin,runtime_raw,raw,512,0.005,0.05,1
5,1,2,4,285,512,285,512,0.3167416742269215,0.32948190056349225,0.0951375696185173,0.09730553128467624,d96v3bj0iros73egpjsg,69,146,4722,8458,0,1626,3547,0,3284,0.025696277618408203,62.69546556472778,real_raw,ibm_berlin,runtime_raw,raw,512,0.005,0.05,1
5,1,3,56,253,512,253,512,0.32273863510148826,0.3237534085980543,0.09616083828579844,0.09633349257447953,d96v3rk4ttfc73cop1tg,121,198,62926,111270,0,21691,46869,0,42709,0.3039698600769043,67.23590183258057,real_raw,ibm_berlin,runtime_raw,raw,512,0.005,0.05,1
5,1,1,0,181,512,181,512,0.29655501194960954,0.4135743714318473,0.09165330957497801,0.11117550175370833,d96v4ek4ttfc73cop2f0,65,142,275,555,0,92,226,0,236,0.005951642990112305,62.633868932724,real_raw,ibm_berlin,runtime_raw,raw,512,0.005,0.05,2
5,1,2,5,257,512,257,512,0.35396554795219937,0.3646590647761081,0.10141408477162267,0.10318771370155128,d96v4u9v0aoc73c2h45g,70,147,5823,10309,0,1975,4310,0,4023,0.031015872955322266,62.48601150512695,real_raw,ibm_berlin,runtime_raw,raw,512,0.005,0.05,2
5,1,3,60,242,512,242,512,0.35886397145753396,0.3598361768394283,0.10222797904284849,0.10238922134522375,d96v5edd0ogc73bgi520,125,202,67952,119254,0,23228,50260,0,45765,0.3153350353240967,66.39704751968384,real_raw,ibm_berlin,runtime_raw,raw,512,0.005,0.05,2
5,1,1,0,150,512,150,512,0.23939890916391174,0.35092201152269614,0.08137093602185001,0.10090711049964889,d96v615d0ogc73bgi5j0,65,142,286,559,0,92,225,0,241,0.00583338737487793,61.93687438964844,real_raw,ibm_berlin,runtime_raw,raw,512,0.005,0.05,3
5,1,2,3,263,512,263,512,0.276943978205478,0.292750545198229,0.08820207087923156,0.09098921611098253,d96v6gld0ogc73bgi610,68,145,3614,6422,0,1232,2683,0,2506,0.020421504974365234,66.13446283340454,real_raw,ibm_berlin,runtime_raw,raw,512,0.005,0.05,3
5,1,3,35,241,512,241,512,0.2855018996813669,0.28706280784287597,0.08971684254302023,0.08999163660319486,d96v71ld0ogc73bgi6hg,100,177,39340,69728,0,13561,29349,0,26817,0.17888593673706055,65.04442358016968,real_raw,ibm_berlin,runtime_raw,raw,512,0.005,0.05,3
5,1,1,0,164,512,164,512,0.2650776748607497,0.3793497039388,0.08607748205272324,0.10560650684364993,d96v7k1v0aoc73c2h6h0,65,142,289,546,0,89,218,0,238,0.006148099899291992,62.38355493545532,real_raw,ibm_berlin,runtime_raw,raw,512,0.005,0.05,4
5,1,2,4,263,512,263,512,0.3211911637891152,0.3339757389798299,0.0958972763581247,0.09806505598281991,d96v83ld0ogc73bgi7g0,69,146,4769,8441,0,1629,3545,0,3266,0.026831388473510742,63.28100872039795,real_raw,ibm_berlin,runtime_raw,raw,512,0.005,0.05,4
5,1,3,53,264,512,264,512,0.32678394318973425,0.32785910870345936,0.09684827522029493,0.09703061211179989,d96v8jtd0ogc73bgi7v0,118,195,59555,105188,0,20488,44310,0,40389,0.28160667419433594,66.59859085083008,real_raw,ibm_berlin,runtime_raw,raw,512,0.005,0.05,4
5,1,1,0,153,512,153,512,0.24488209070527908,0.3570329741726835,0.08238952947812392,0.10192404246364205,d96v96s4ttfc73cop6p0,65,142,283,561,0,92,225,0,243,0.0053060054779052734,63.581804513931274,real_raw,ibm_berlin,runtime_raw,raw,512,0.005,0.05,5
5,1,2,3,273,512,273,512,0.27943955217632566,0.29528824894714795,0.08864524919804508,0.09143246493003039,d96v9mr0iros73egpph0,68,145,3543,6416,0,1229,2686,0,2500,0.02046799659729004,62.08762979507446,real_raw,ibm_berlin,runtime_raw,raw,512,0.005,0.05,5
5,1,3,39,264,512,264,512,0.2876664049070299,0.289072266848117,0.09009777853211913,0.09034474115732205,d96va6ld0ogc73bgi9d0,104,181,44001,77456,0,15077,32600,0,29778,0.19722986221313477,64.7727460861206,real_raw,ibm_berlin,runtime_raw,raw,512,0.005,0.05,5
5,1,1,0,186,512,186,512,0.30587160926545837,0.4235821096727864,0.09326934075223231,0.11278986092325571,d96vap5d0ogc73bgi9ug,65,142,279,557,0,92,226,0,238,0.0057525634765625,62.43383455276489,real_raw,ibm_berlin,runtime_raw,raw,512,0.005,0.05,6
5,1,2,5,267,512,267,512,0.35565987374200136,0.3663645635538569,0.1016958872840664,0.10346953859347394,d96vb8s4ttfc73cop8jg,70,147,5807,10303,0,1978,4296,0,4028,0.031026601791381836,62.711437702178955,real_raw,ibm_berlin,runtime_raw,raw,512,0.005,0.05,6
5,1,3,61,263,512,263,512,0.36099086908453315,0.3619484798066383,0.10258060565979367,0.10273922368111282,d96vbos4ttfc73cop930,126,203,68406,121044,0,23574,50974,0,46495,0.33403587341308594,67.79829263687134,real_raw,ibm_berlin,runtime_raw,raw,512,0.005,0.05,6
5,1,1,0,152,512,152,512,0.2430531610606473,0.35499718277020603,0.08205064512516798,0.10158570368108709,d96vcc9v0aoc73c2haq0,65,142,289,553,0,92,223,0,237,0.005234956741333008,63.26148843765259,real_raw,ibm_berlin,runtime_raw,raw,512,0.005,0.05,7
5,1,2,3,237,512,237,512,0.27049021567854586,0.28618656364783374,0.08705019425419687,0.08983743120789886,d96vcs9v0aoc73c2hb8g,68,145,3589,6402,0,1220,2666,0,2515,0.02012157440185547,63.92184400558472,real_raw,ibm_berlin,runtime_raw,raw,512,0.005,0.05,7
5,1,3,37,260,512,260,512,0.277043652955415,0.27850780974784534,0.08821979518566496,0.08847992783854594,d96vdcj0iros73egpsp0,102,179,41665,73638,0,14337,30998,0,28302,0.19042205810546875,65.37302756309509,real_raw,ibm_berlin,runtime_raw,raw,512,0.005,0.05,7
5,1,1,0,153,512,153,512,0.24488209070527908,0.3570329741726835,0.08238952947812392,0.10192404246364205,d96vdutd0ogc73bgicq0,65,142,285,555,0,92,225,0,237,0.00496673583984375,62.79516887664795,real_raw,ibm_berlin,runtime_raw,raw,512,0.005,0.05,8
5,1,2,3,247,512,247,512,0.2729690574913711,0.2887079593224711,0.08749362431619723,0.09028077892682292,d96veeld0ogc73bgid8g,68,145,3614,6422,0,1229,2681,0,2511,0.01944446563720703,62.81726932525635,real_raw,ibm_berlin,runtime_raw,raw,512,0.005,0.05,8
5,1,3,41,257,512,257,512,0.27994103376197266,0.28126817814756355,0.08873415842509562,0.0889692176808693,d96veuhv0aoc73c2hd3g,106,183,46272,81568,0,15895,34358,0,31314,0.20353126525878906,66.15848565101624,real_raw,ibm_berlin,runtime_raw,raw,512,0.005,0.05,8
5,1,1,0,175,512,175,512,0.2854097075458468,0.40153059392356816,0.08970059827952047,0.10922499179271224,d96vfhdd0ogc73bgie80,65,142,287,561,0,92,225,0,243,0.0057201385498046875,62.38788199424744,real_raw,ibm_berlin,runtime_raw,raw,512,0.005,0.05,9
5,1,2,4,272,512,272,512,0.3193721326978999,0.3321385783756986,0.09558703468750035,0.09775486158917913,d96vg11v0aoc73c2he2g,69,146,4682,8408,0,1611,3522,0,3274,0.026696443557739258,62.44418692588806,real_raw,ibm_berlin,runtime_raw,raw,512,0.005,0.05,9
5,1,3,48,251,512,251,512,0.325114758868431,0.32629925155548556,0.09656489245678078,0.09676602614145059,d96vggtd0ogc73bgif50,113,190,54045,95402,0,18593,40177,0,36631,0.25363922119140625,66.11773252487183,real_raw,ibm_berlin,runtime_raw,raw,512,0.005,0.05,9
5,1,1,0,323,1024,323,1024,0.27628490464103905,0.35651925427949466,0.08808482387501552,0.1018387054228814,d96vh3hv0aoc73c2hf2g,65,142,285,552,0,92,224,0,235,0.0055751800537109375,64.40327024459839,real_raw,ibm_berlin,runtime_raw,raw,1024,0.005,0.05,0
5,1,2,4,494,1024,494,1024,0.3263175889643727,0.3353462010159238,0.0967691384554412,0.09829617374361194,d96vhjtd0ogc73bgig7g,69,146,4770,8391,0,1605,3501,0,3284,0.02432990074157715,64.80307579040527,real_raw,ibm_berlin,runtime_raw,raw,1024,0.005,0.05,0
5,1,1,0,336,1024,336,1024,0.2885010488466989,0.3695596662164804,0.09024444055087977,0.10399677187510951,d96vi6ld0ogc73bgigpg,65,142,280,562,0,95,230,0,236,0.0054471492767333984,64.42849111557007,real_raw,ibm_berlin,runtime_raw,raw,1024,0.005,0.05,1
5,1,2,4,564,1024,564,1024,0.3192166808994121,0.32819537022293277,0.09556050020788447,0.09708760708204021,d96vimtd0ogc73bgih8g,69,146,4722,8458,0,1626,3547,0,3284,0.025084495544433594,64.33371949195862,real_raw,ibm_berlin,runtime_raw,raw,1024,0.005,0.05,1
5,1,1,0,367,1024,367,1024,0.31776395004804037,0.4005242112873621,0.09531236326897945,0.10906158772825665,d96vj944ttfc73copfrg,65,142,275,555,0,92,226,0,236,0.00528717041015625,65.09744644165039,real_raw,ibm_berlin,runtime_raw,raw,1024,0.005,0.05,2
5,1,2,5,551,1024,551,1024,0.3586877959089379,0.36623519925893055,0.1021987496882273,0.10344817155755029,d96vjpk4ttfc73copgb0,70,147,5823,10309,0,1975,4310,0,4023,0.030276775360107422,64.68082213401794,real_raw,ibm_berlin,runtime_raw,raw,1024,0.005,0.05,2
5,1,1,0,315,1024,315,1024,0.26878420705669026,0.3484774953890876,0.08674427091659663,0.10049918670521361,d96vkc30iros73egq380,65,142,286,559,0,92,225,0,241,0.00580906867980957,65.63998985290527,real_raw,ibm_berlin,runtime_raw,raw,1024,0.005,0.05,3
5,1,2,4,539,1024,539,1024,0.3217525446316273,0.3307491342648149,0.09599292798264544,0.09751997538592162,d96vks9v0aoc73c2hii0,69,146,4672,8348,0,1608,3493,0,3246,0.026032447814941406,65.35620498657227,real_raw,ibm_berlin,runtime_raw,raw,1024,0.005,0.05,3
5,1,1,0,342,1024,342,1024,0.2941505111515853,0.37556710067551113,0.09123387959214725,0.10498554701530714,d96vlf44ttfc73cophqg,65,142,289,546,0,89,218,0,238,0.005309104919433594,64.51053595542908,real_raw,ibm_berlin,runtime_raw,raw,1024,0.005,0.05,4
5,1,2,5,541,1024,541,1024,0.35783590442990487,0.3653793581000569,0.10205736731375552,0.10330677247973204,d96vlv9v0aoc73c2hjh0,70,147,5816,10336,0,1993,4330,0,4012,0.030158519744873047,65.21078276634216,real_raw,ibm_berlin,runtime_raw,raw,1024,0.005,0.05,4
5,1,1,0,292,1024,292,1024,0.24729437824857028,0.32528295503469634,0.08283520079465449,0.0965934646660209,d96vmihv0aoc73c2hk3g,65,142,283,561,0,92,225,0,243,0.005240917205810547,131.77406692504883,real_raw,ibm_berlin,runtime_raw,raw,1024,0.005,0.05,5
5,1,2,3,521,1024,521,1024,0.2786410946532661,0.2897684728951727,0.08850358729185706,0.09046690904741582,d96vnjhv0aoc73c2hl1g,68,145,3543,6416,0,1229,2686,0,2500,0.02040410041809082,64.37270188331604,real_raw,ibm_berlin,runtime_raw,raw,1024,0.005,0.05,5
5,1,3,56,526,1024,526,1024,0.28461319970955246,0.2853030869513508,0.08956018777993814,0.08968180975501316,d96vo41v0aoc73c2hlgg,121,198,63241,111010,0,21601,46702,0,42706,0.288313627243042,71.23118877410889,real_raw,ibm_berlin,runtime_raw,raw,1024,0.005,0.05,5
5,1,1,0,348,1024,348,1024,0.2998069405591449,0.38156758244600786,0.09221900159576629,0.10597003617359399,d96voo5d0ogc73bgimn0,65,142,279,557,0,92,226,0,238,0.006208181381225586,64.95157313346863,real_raw,ibm_berlin,runtime_raw,raw,1024,0.005,0.05,6
5,1,2,5,530,1024,530,1024,0.35690039980866556,0.36443952084552667,0.1019020223726337,0.10315141488113704,d96vp89v0aoc73c2hmhg,70,147,5807,10303,0,1978,4296,0,4028,0.03099513053894043,63.985578536987305,real_raw,ibm_berlin,runtime_raw,raw,1024,0.005,0.05,6
5,1,1,0,339,1024,339,1024,0.29132490335062716,0.3725642582412981,0.09073971279358213,0.10449170821984793,d96vpqtd0ogc73bginn0,65,142,289,553,0,92,223,0,237,0.005338430404663086,64.90583038330078,real_raw,ibm_berlin,runtime_raw,raw,1024,0.005,0.05,7
5,1,2,4,534,1024,534,1024,0.3222593585531629,0.33125951614036553,0.09607924448069878,0.09760628455184522,d96vqb44ttfc73copm90,69,146,4718,8377,0,1608,3505,0,3263,0.0247344970703125,65.23235774040222,real_raw,ibm_berlin,runtime_raw,raw,1024,0.005,0.05,7
5,1,1,0,344,1024,344,1024,0.29603521799606247,0.3775680293290298,0.0915627229940375,0.10531417606909338,d96vqv1v0aoc73c2ho20,65,142,285,555,0,92,225,0,237,0.00523686408996582,63.956544399261475,real_raw,ibm_berlin,runtime_raw,raw,1024,0.005,0.05,8
5,1,2,5,538,1024,538,1024,0.3575806200267422,0.36512289091076544,0.10201498508697292,0.10326438620940044,d96vrf44ttfc73copn90,70,147,5754,10382,0,1996,4344,0,4041,0.02984762191772461,65.92493295669556,real_raw,ibm_berlin,runtime_raw,raw,1024,0.005,0.05,8
5,1,1,0,371,1024,371,1024,0.3215529222846821,0.4045065465490157,0.09595892009672707,0.10970779923245152,d96vs1s4ttfc73copnpg,65,142,287,561,0,92,225,0,243,0.005029201507568359,64.30857419967651,real_raw,ibm_berlin,runtime_raw,raw,1024,0.005,0.05,9
5,1,2,5,546,1024,546,1024,0.35826165780834296,0.3658070849024687,0.10212803585769263,0.10337744875342877,d96vshs4ttfc73copo8g,70,147,5886,10369,0,1996,4344,0,4028,0.03014206886291504,65.51364612579346,real_raw,ibm_berlin,runtime_raw,raw,1024,0.005,0.05,9
5,1,1,0,623,2048,623,2048,0.27669784523252744,0.3327285598832469,0.08815829472902216,0.09785452342742025,d96vt4td0ogc73bgiql0,65,142,285,552,0,92,224,0,235,0.005593538284301758,69.10207271575928,real_raw,ibm_berlin,runtime_raw,raw,2048,0.005,0.05,0
5,1,2,7,1072,2048,1072,2048,0.293356099202564,0.2970589486433577,0.09109508696458674,0.09174108881624482,d96vtmc4ttfc73copp8g,72,149,8114,14315,0,2760,6000,0,5554,0.039366960525512695,70.92884516716003,real_raw,ibm_berlin,runtime_raw,raw,2048,0.005,0.05,0
5,1,1,0,629,2048,629,2048,0.2795453142491914,0.3357250529505252,0.08866400414289631,0.09836002280114543,d96vua30iros73egqc50,65,142,280,562,0,95,230,0,236,0.005536794662475586,68.68309760093689,real_raw,ibm_berlin,runtime_raw,raw,2048,0.005,0.05,1
5,1,2,8,1100,2048,1100,2048,0.31974520869233536,0.3230904407365308,0.09565070204323761,0.09622071078663053,d96vurhv0aoc73c2hrh0,73,150,9195,16277,0,3148,6834,0,6294,0.04311656951904297,69.93768453598022,real_raw,ibm_berlin,runtime_raw,raw,2048,0.005,0.05,1
5,1,1,0,688,2048,688,2048,0.3076141167960069,0.3651219602153585,0.09357003892295628,0.10326423238208557,d96vvfdd0ogc73bgisn0,65,142,275,555,0,92,226,0,236,0.005341768264770508,69.48424768447876,real_raw,ibm_berlin,runtime_raw,raw,2048,0.005,0.05,2
5,1,2,9,1065,2048,1065,2048,0.3351410989689582,0.3381696974281936,0.09826159982479514,0.09877160014847376,d970011v0aoc73c2hsig,74,151,10332,18226,0,3521,7639,0,7065,0.048180341720581055,70.45402646064758,real_raw,ibm_berlin,runtime_raw,raw,2048,0.005,0.05,2
5,1,1,0,604,2048,604,2048,0.2676896816122282,0.32323085522927286,0.0865476762811872,0.09624460265085595,d9700ks4ttfc73copru0,65,142,286,559,0,92,225,0,241,0.006062507629394531,68.4758780002594,real_raw,ibm_berlin,runtime_raw,raw,2048,0.005,0.05,3
5,1,2,7,1069,2048,1069,2048,0.2934450538908793,0.29714822434916904,0.09111063379490432,0.09175663500078178,d9701630iros73egqep0,72,149,8022,14310,0,2766,6009,0,5534,0.0388333797454834,69.2634744644165,real_raw,ibm_berlin,runtime_raw,raw,2048,0.005,0.05,3
5,1,1,0,704,2048,704,2048,0.3152468100536081,0.37307321104635066,0.09488169766723709,0.1045754654428864,d9701pk4ttfc73copsvg,65,142,289,546,0,89,218,0,238,0.005475282669067383,68.66401672363281,real_raw,ibm_berlin,runtime_raw,raw,2048,0.005,0.05,4
5,1,2,9,1071,2048,1071,2048,0.3349955102667196,0.3380237914221175,0.09823705484824517,0.09874705613646123,d9702atd0ogc73bgiva0,74,151,10331,18181,0,3524,7631,0,7025,0.047872304916381836,69.4751489162445,real_raw,ibm_berlin,runtime_raw,raw,2048,0.005,0.05,4
5,1,1,0,643,2048,643,2048,0.2861945183408329,0.34271176685037935,0.08983883174549687,0.09953437867844489,d9702uld0ogc73bgivs0,65,142,283,561,0,92,225,0,243,0.005489826202392578,69.7248523235321,real_raw,ibm_berlin,runtime_raw,raw,2048,0.005,0.05,5
5,1,2,8,1048,2048,1048,2048,0.3183521783315866,0.32169351000072655,0.09541287324654064,0.09598287135480445,d9703g5d0ogc73bgj0cg,73,150,9159,16235,0,3139,6809,0,6286,0.045160531997680664,69.08982563018799,real_raw,ibm_berlin,runtime_raw,raw,2048,0.005,0.05,5
5,1,1,0,720,2048,720,2048,0.32288809410156244,0.38101587948309834,0.09618627624512271,0.10587964545766113,d97043hv0aoc73c2i07g,65,142,279,557,0,92,226,0,238,0.005408287048339844,67.70628094673157,real_raw,ibm_berlin,runtime_raw,raw,2048,0.005,0.05,6
5,1,2,10,1108,2048,1108,2048,0.35310425049862226,0.35587805618665963,0.10127071595968815,0.10173215373797753,d9704kk4ttfc73copvhg,75,152,11452,20314,0,3933,8527,0,7853,0.05271601676940918,69.16108870506287,real_raw,ibm_berlin,runtime_raw,raw,2048,0.005,0.05,6
5,1,1,0,664,2048,664,2048,0.29618150516674546,0.3531786729240368,0.09158822169997952,0.10128310720467174,d97058b0iros73egqie0,65,142,289,553,0,92,223,0,237,0.005646944046020508,69.49596691131592,real_raw,ibm_berlin,runtime_raw,raw,2048,0.005,0.05,7
5,1,2,8,984,2048,984,2048,0.316641756668514,0.3199783412450248,0.09512047713161109,0.09569047732806304,d9705ppv0aoc73c2i1og,73,150,9214,16370,0,3166,6867,0,6336,0.044234514236450195,69.01001691818237,real_raw,ibm_berlin,runtime_raw,raw,2048,0.005,0.05,7
5,1,1,0,647,2048,647,2048,0.28809559127823975,0.34470667208220707,0.09017321012840329,0.09986862688506123,d9706dj0iros73egqjf0,65,142,285,555,0,92,225,0,237,0.005421161651611328,68.92017316818237,real_raw,ibm_berlin,runtime_raw,raw,2048,0.005,0.05,8
5,1,2,12,1019,2048,1019,2048,0.3148967497414456,0.3171612533552436,0.09482173157566857,0.09520932952606317,d9706v1v0aoc73c2i2q0,77,154,13651,24215,0,4694,10171,0,9349,0.06217026710510254,71.31893420219421,real_raw,ibm_berlin,runtime_raw,raw,2048,0.005,0.05,8
5,1,1,0,703,2048,703,2048,0.31476951359170907,0.3725765107500439,0.09479993128597634,0.10449372486034925,d9707j1v0aoc73c2i3cg,65,142,287,561,0,92,225,0,243,0.0054225921630859375,68.87863039970398,real_raw,ibm_berlin,runtime_raw,raw,2048,0.005,0.05,9
5,1,2,9,1066,2048,1066,2048,0.33511683563044803,0.33814538117684484,0.09825750942268942,0.09876750989794324,d970849v0aoc73c2i3s0,74,151,10350,18273,0,3545,7686,0,7041,0.04920840263366699,70.80169653892517,real_raw,ibm_berlin,runtime_raw,raw,2048,0.005,0.05,9
5,1,1,0,1242,4096,1242,4096,0.2837291593560711,0.3232312158762172,0.08940420820305181,0.09624466401231094,d9708otd0ogc73bgj53g,65,142,285,552,0,92,224,0,235,0.005733489990234375,77.58801031112671,real_raw,ibm_berlin,runtime_raw,raw,4096,0.005,0.05,0
5,1,2,15,2183,4096,2183,4096,0.30120918320920065,0.30248151395795064,0.09246238678875728,0.09268294453428148,d9709c9v0aoc73c2i4vg,80,157,17078,30088,0,5843,12652,0,11592,0.07818245887756348,80.51501250267029,real_raw,ibm_berlin,runtime_raw,raw,4096,0.005,0.05,0
5,1,1,0,1382,4096,1382,4096,0.3173018634091056,0.35792832174287326,0.09523337213547109,0.10207270875261837,d970a2k4ttfc73coq4e0,65,142,280,562,0,95,230,0,236,0.0059511661529541016,76.71704697608948,real_raw,ibm_berlin,runtime_raw,raw,4096,0.005,0.05,1
5,1,2,14,2143,4096,2143,4096,0.3388901978135521,0.3402932630695248,0.09889276335820953,0.09912853057430587,d970am30iros73egqn90,79,156,15975,28121,0,5461,11828,0,10831,0.07509136199951172,79.78649687767029,real_raw,ibm_berlin,runtime_raw,raw,4096,0.005,0.05,1
5,1,1,0,1335,4096,1335,4096,0.30601739644575593,0.346293630306611,0.09329451700259346,0.10013419565350237,d970bcc4ttfc73coq5k0,65,142,275,555,0,92,226,0,236,0.005772829055786133,79.05562734603882,real_raw,ibm_berlin,runtime_raw,raw,4096,0.005,0.05,2
5,1,2,13,2132,4096,2132,4096,0.32895602424984594,0.33045199164538286,0.09721647984026066,0.09746971097146052,d970c0dd0ogc73bgj7vg,78,155,14832,26108,0,5055,10970,0,10082,0.06862640380859375,80.44596099853516,real_raw,ibm_berlin,runtime_raw,raw,4096,0.005,0.05,2
5,1,1,0,1285,4096,1285,4096,0.29402763656341185,0.3339013152770411,0.091212419191949,0.09805249825719653,d970cn1v0aoc73c2i800,65,142,286,559,0,92,225,0,241,0.005514621734619141,77.27139568328857,real_raw,ibm_berlin,runtime_raw,raw,4096,0.005,0.05,3
5,1,2,16,2053,4096,2053,4096,0.31359896500212003,0.31480755132955274,0.09459926065141376,0.09480644881620828,d970dahv0aoc73c2i8i0,81,158,18145,32080,0,6210,13463,0,12406,0.08113789558410645,80.30986905097961,real_raw,ibm_berlin,runtime_raw,raw,4096,0.005,0.05,3
5,1,1,0,1249,4096,1249,4096,0.28540483947713907,0.324969024443832,0.08969974048153669,0.09654013282331782,d970e0td0ogc73bgj9q0,65,142,289,546,0,89,218,0,238,0.005571603775024414,76.67821216583252,real_raw,ibm_berlin,runtime_raw,raw,4096,0.005,0.05,4
5,1,2,15,2068,4096,2068,4096,0.3020409254780927,0.30331423469819324,0.09260659864587611,0.09282715384249608,d970ekc4ttfc73coq8g0,80,157,17122,30080,0,5846,12649,0,11584,0.07609963417053223,80.83616828918457,real_raw,ibm_berlin,runtime_raw,raw,4096,0.005,0.05,4
5,1,1,0,1320,4096,1320,4096,0.30241882593983116,0.3425775773745272,0.09267208377617002,0.0995118784716735,d970fald0ogc73bgjb20,65,142,283,561,0,92,225,0,243,0.005506277084350586,78.2162172794342,real_raw,ibm_berlin,runtime_raw,raw,4096,0.005,0.05,5
5,1,2,13,2134,4096,2134,4096,0.3289730256995934,0.3304690130335442,0.09721935941807304,0.09747259060505312,d970fuc4ttfc73coq9lg,78,155,14793,26040,0,5052,10911,0,10076,0.0682063102722168,80.33743858337402,real_raw,ibm_berlin,runtime_raw,raw,4096,0.005,0.05,5
5,1,1,0,1473,4096,1473,4096,0.3391880257455633,0.38041757016881417,0.09894282934611959,0.10578159033692518,d970gkk4ttfc73coqa9g,65,142,279,557,0,92,226,0,238,0.005896806716918945,77.34373021125793,real_raw,ibm_berlin,runtime_raw,raw,4096,0.005,0.05,6
5,1,2,16,2091,4096,2091,4096,0.3582043100210313,0.35945314713152005,0.10211851808517435,0.10232570649426377,d970h8dd0ogc73bgjcp0,81,158,18228,32073,0,6210,13462,0,12400,0.08304238319396973,81.32816815376282,real_raw,ibm_berlin,runtime_raw,raw,4096,0.005,0.05,6
5,1,1,0,1337,4096,1337,4096,0.3064973111236646,0.34678899881371117,0.09337737067057268,0.10021703410615397,d970hupv0aoc73c2icng,65,142,289,553,0,92,223,0,237,0.005738973617553711,76.7766273021698,real_raw,ibm_berlin,runtime_raw,raw,4096,0.005,0.05,7
5,1,2,13,2124,4096,2124,4096,0.32888802730434524,0.3303839150122853,0.0972049626492379,0.09745819357050152,d970ii9v0aoc73c2idbg,78,155,14809,26153,0,5079,10986,0,10087,0.06775522232055664,80.44733619689941,real_raw,ibm_berlin,runtime_raw,raw,4096,0.005,0.05,7
5,1,1,0,1178,4096,1178,4096,0.26842373784687173,0.30732760828395816,0.0866795528077619,0.09352062985432963,d970j8pv0aoc73c2idvg,65,142,285,555,0,92,225,0,237,0.005430459976196289,128.80194067955017,real_raw,ibm_berlin,runtime_raw,raw,4096,0.005,0.05,8
5,1,2,14,2203,4096,2203,4096,0.2905683107093267,0.29191439718210427,0.0906071547111949,0.0908429242259984,d970k91v0aoc73c2ieu0,79,156,15838,28065,0,5440,11785,0,10839,0.07182741165161133,80.53965711593628,real_raw,ibm_berlin,runtime_raw,raw,4096,0.005,0.05,8
5,1,1,0,1286,4096,1286,4096,0.2942672773918434,0.3341493158543902,0.09125427072926692,0.09809434139867858,d970l044ttfc73coqe7g,65,142,287,561,0,92,225,0,243,0.005838632583618164,76.24328970909119,real_raw,ibm_berlin,runtime_raw,raw,4096,0.005,0.05,9
5,1,2,16,2113,4096,2113,4096,0.31401084500022386,0.31521986350562464,0.09466989357631299,0.09487708230386396,d970lj9v0aoc73c2ig4g,81,158,18238,32120,0,6228,13494,0,12397,0.08354473114013672,80.17908120155334,real_raw,ibm_berlin,runtime_raw,raw,4096,0.005,0.05,9
5,1,1,0,2528,8192,2528,8192,0.29470626978471337,0.32273117557339703,0.0913309118206667,0.09615956859148757,d970ma30iros73egr1pg,65,142,285,552,0,92,224,0,235,0.005300283432006836,93.19878816604614,real_raw,ibm_berlin,runtime_raw,raw,8192,0.005,0.05,0
5,1,2,16,4211,8192,4211,8192,0.314137050276355,0.31499058558717413,0.09469153137338997,0.09483780762487129,d970n1hv0aoc73c2iheg,81,158,18190,32012,0,6195,13442,0,12374,0.08115267753601074,99.18274116516113,real_raw,ibm_berlin,runtime_raw,raw,8192,0.005,0.05,0
5,1,1,0,2561,8192,2561,8192,0.2986821744429577,0.3268066459878319,0.09202354237510267,0.096852126969966,d970nsj0iros73egr380,65,142,280,562,0,95,230,0,236,0.005472421646118164,92.97317266464233,real_raw,ibm_berlin,runtime_raw,raw,8192,0.005,0.05,1
5,1,2,24,4084,8192,4084,8192,0.3120519684600867,0.31262568990745393,0.09433374189814485,0.09443225432602023,d970ok1v0aoc73c2iisg,89,166,27254,47706,0,9281,20076,0,18348,0.12426447868347168,101.58434510231018,real_raw,ibm_berlin,runtime_raw,raw,8192,0.005,0.05,1
5,1,1,0,2713,8192,2713,8192,0.3170111185771627,0.3455628281531092,0.09518365515372822,0.10001193567760366,d970pfr0iros73egr4n0,65,142,275,555,0,92,226,0,236,0.0053980350494384766,92.77063751220703,real_raw,ibm_berlin,runtime_raw,raw,8192,0.005,0.05,2
5,1,2,18,4234,8192,4234,8192,0.33347293540095624,0.3342460803455404,0.09798020290302965,0.098110665593939,d970q7dd0ogc73bgjks0,83,160,20406,36072,0,7001,15164,0,13906,0.09331536293029785,99.73118138313293,real_raw,ibm_berlin,runtime_raw,raw,8192,0.005,0.05,2
5,1,1,0,2376,8192,2376,8192,0.27640928036456036,0.3039430488744189,0.08810695651160319,0.09293597684239005,d970r2td0ogc73bgjlmg,65,142,286,559,0,92,225,0,241,0.0057752132415771484,92.40131735801697,real_raw,ibm_berlin,runtime_raw,raw,8192,0.005,0.05,3
5,1,2,21,4257,8192,4257,8192,0.28703873832061605,0.2876771150864284,0.08998740262180514,0.09009966130608812,d970rq5d0ogc73bgjmc0,86,163,23702,41943,0,8141,17637,0,16164,0.1070394515991211,100.96332836151123,real_raw,ibm_berlin,runtime_raw,raw,8192,0.005,0.05,3
5,1,1,0,2548,8192,2548,8192,0.2971157614334498,0.3252013051339908,0.09175098216896387,0.0965795949228235,d970sls4ttfc73coql80,65,142,289,546,0,89,218,0,238,0.005778789520263672,93.12364888191223,real_raw,ibm_berlin,runtime_raw,raw,8192,0.005,0.05,4
5,1,2,20,4347,8192,4347,8192,0.31205543965212873,0.31274114735380953,0.09433433807736981,0.09445207330371717,d970td30iros73egr88g,85,162,22743,40009,0,7780,16816,0,15412,0.1020514965057373,100.57032799720764,real_raw,ibm_berlin,runtime_raw,raw,8192,0.005,0.05,4
5,1,1,0,2460,8192,2460,8192,0.2865174317793919,0.31432930258903635,0.08989567544421385,0.09472448835732218,d970u8k4ttfc73coqmm0,65,142,283,561,0,92,225,0,243,0.005362510681152344,92.13035321235657,real_raw,ibm_berlin,runtime_raw,raw,8192,0.005,0.05,5
5,1,2,19,4210,8192,4210,8192,0.3039872159366378,0.30470288624865144,0.0929436180371086,0.09306739024660698,d970uvtd0ogc73bgjp70,84,161,21644,38051,0,7404,16009,0,14637,0.09710264205932617,99.55852103233337,real_raw,ibm_berlin,runtime_raw,raw,8192,0.005,0.05,5
5,1,1,0,2878,8192,2878,8192,0.336935877561388,0.3658949574052868,0.09856396753337981,0.1033919663708886,d970vrld0ogc73bgjq0g,65,142,279,557,0,92,226,0,238,0.0054814815521240234,93.8026511669159,real_raw,ibm_berlin,runtime_raw,raw,8192,0.005,0.05,6
5,1,2,20,4134,8192,4134,8192,0.3488949310033569,0.3496002534837342,0.1005688922184679,0.10068662660125502,d9710j9v0aoc73c2iq10,85,162,22678,39914,0,7759,16773,0,15381,0.10240721702575684,100.53253316879272,real_raw,ibm_berlin,runtime_raw,raw,8192,0.005,0.05,6
5,1,1,0,2449,8192,2449,8192,0.28519327102282743,0.31296967203140763,0.08966245594826415,0.09449129508802954,d9711epv0aoc73c2iqpg,65,142,289,553,0,92,223,0,237,0.005414485931396484,93.11896634101868,real_raw,ibm_berlin,runtime_raw,raw,8192,0.005,0.05,7
5,1,2,18,4286,8192,4286,8192,0.2931050457714556,0.29385157657774147,0.09105120229787614,0.09118166524767728,d97126dd0ogc73bgjs40,83,160,20399,36022,0,6998,15129,0,13894,0.09473681449890137,99.67782258987427,real_raw,ibm_berlin,runtime_raw,raw,8192,0.005,0.05,7
5,1,1,0,2537,8192,2537,8192,0.29579048470286756,0.32384279018143747,0.09152005639010004,0.09634869324828924,d97131hv0aoc73c2is7g,65,142,285,555,0,92,225,0,237,0.005427122116088867,91.96058893203735,real_raw,ibm_berlin,runtime_raw,raw,8192,0.005,0.05,8
5,1,2,20,4195,8192,4195,8192,0.3124752104692972,0.3131611650553031,0.09440642061367226,0.09452415511071194,d9713otd0ogc73bgjtl0,85,162,22661,40006,0,7774,16804,0,15427,0.10273528099060059,100.90567922592163,real_raw,ibm_berlin,runtime_raw,raw,8192,0.005,0.05,8
5,1,1,0,2689,8192,2689,8192,0.31411538875828626,0.34260301122701053,0.0946878176903779,0.09951614325234047,d9714kk4ttfc73coqsf0,65,142,287,561,0,92,225,0,243,0.0053403377532958984,93.41186356544495,real_raw,ibm_berlin,runtime_raw,raw,8192,0.005,0.05,9
5,1,2,22,4330,8192,4330,8192,0.32807688326029694,0.3287099388644135,0.09706752572601539,0.09717479549572246,d9715cdd0ogc73bgjv3g,87,164,24913,44023,0,8568,18537,0,16917,0.11122250556945801,101.93641114234924,real_raw,ibm_berlin,runtime_raw,raw,8192,0.005,0.05,9
5,1,1,0,172,512,172,512,0.27985147603751725,0.3954943384994167,0.08871828403279043,0.1082438617395901,d97167td0ogc73bgjvt0,65,142,285,552,0,92,224,0,235,0.005406856536865234,126.900563955307,real_mitigated,ibm_berlin,runtime_dd_twirling,mitigated,512,0.005,0.05,0
5,1,2,4,251,512,251,512,0.3236182666511122,0.3364270281337649,0.09631050758974832,0.09847828174674535,d97177pv0aoc73c2ivsg,69,146,4770,8391,0,1605,3501,0,3284,0.02498602867126465,137.1088194847107,real_mitigated,ibm_berlin,runtime_dd_twirling,mitigated,512,0.005,0.05,0
5,1,3,49,264,512,264,512,0.3285560978811186,0.3297197909008703,0.09714873236401426,0.09734580354978224,d9718a9v0aoc73c2j0rg,114,191,55065,97282,0,18939,40956,0,37386,0.2513127326965332,245.5907280445099,real_mitigated,ibm_berlin,runtime_dd_twirling,mitigated,512,0.005,0.05,0
5,1,1,0,199,512,199,512,0.33021407604569736,0.449483281308877,0.0974294571032747,0.11694627292800124,d971aa5d0ogc73bgk3j0,65,142,280,562,0,95,230,0,236,0.0056133270263671875,127.00130462646484,real_mitigated,ibm_berlin,runtime_dd_twirling,mitigated,512,0.005,0.05,1
5,1,2,1,239,512,239,512,0.4906108432961517,0.5314522286349278,0.1235055814621052,0.13000908483673757,d971b9r0iros73egrklg,66,143,1396,2466,0,456,1013,0,996,0.01122283935546875,129.44208002090454,real_mitigated,ibm_berlin,runtime_dd_twirling,mitigated,512,0.005,0.05,1
5,1,3,11,249,512,249,512,0.4979277830492339,0.5032575388447307,0.12467019548498351,0.12551845707725556,d971cac4ttfc73cor37g,76,153,12576,22177,0,4297,9322,0,8557,0.060181379318237305,152.69713711738586,real_mitigated,ibm_berlin,runtime_dd_twirling,mitigated,512,0.005,0.05,1
5,1,1,0,168,512,168,512,0.27245572956789604,0.3874308298679435,0.08740190104455943,0.1069291483353822,d971ditd0ogc73bgk6g0,65,142,275,555,0,92,226,0,236,0.005837202072143555,128.13093996047974,real_mitigated,ibm_berlin,runtime_dd_twirling,mitigated,512,0.005,0.05,2
5,1,2,4,246,512,246,512,0.3246312585092572,0.3374501136622349,0.09648273681104479,0.09865052806402685,d971eir0iros73egrnig,69,146,4661,8380,0,1614,3513,0,3252,0.025313138961791992,136.1986849308014,real_mitigated,ibm_berlin,runtime_dd_twirling,mitigated,512,0.005,0.05,2
5,1,3,45,236,512,236,512,0.33056274688411585,0.331830790643753,0.0974884475781672,0.09770285130606446,d971fldd0ogc73bgk8c0,110,187,51021,89557,0,17438,37723,0,34395,0.23094797134399414,235.96452069282532,real_mitigated,ibm_berlin,runtime_dd_twirling,mitigated,512,0.005,0.05,2
5,1,1,0,228,512,228,512,0.3851110376153961,0.5066696513193105,0.10655000332325894,0.12606153945894516,d971hj1v0aoc73c2j950,65,142,286,559,0,92,225,0,241,0.005866527557373047,125.97263145446777,real_mitigated,ibm_berlin,runtime_dd_twirling,mitigated,512,0.005,0.05,3
5,1,2,2,267,512,267,512,0.492026674378096,0.5165405137225764,0.12373095202494608,0.12763298490564262,d971iihv0aoc73c2ja2g,67,144,2525,4487,0,856,1879,0,1751,0.016438007354736328,84.3620252609253,real_mitigated,ibm_berlin,runtime_dd_twirling,mitigated,512,0.005,0.05,3
5,1,3,23,256,512,256,512,0.4986959119180082,0.5013040880819918,0.12479244770020803,0.12520755229979197,d971j7td0ogc73bgkbl0,88,165,26021,45866,0,8899,19282,0,17684,0.11996340751647949,134.19906854629517,real_mitigated,ibm_berlin,runtime_dd_twirling,mitigated,512,0.005,0.05,3
5,1,1,0,221,512,221,512,0.37178685333731204,0.4929391103164346,0.10436372753339569,0.1238761871494587,d971kc1v0aoc73c2jbm0,65,142,289,546,0,89,218,0,238,0.005703926086425781,79.42994332313538,real_mitigated,ibm_berlin,runtime_dd_twirling,mitigated,512,0.005,0.05,4
5,1,2,2,268,512,268,512,0.4924164091170881,0.5169301365878861,0.12379298774404686,0.12769503007603258,d971kvpv0aoc73c2jc8g,67,144,2533,4475,0,853,1872,0,1749,0.015528440475463867,83.77004766464233,real_mitigated,ibm_berlin,runtime_dd_twirling,mitigated,512,0.005,0.05,4
5,1,3,22,255,512,255,512,0.4985946835803836,0.5013187786802168,0.12477633665073191,0.12520989038915892,d971ll1v0aoc73c2jcsg,87,164,24901,43935,0,8544,18502,0,16888,0.11099553108215332,138.40927028656006,real_mitigated,ibm_berlin,runtime_dd_twirling,mitigated,512,0.005,0.05,4
5,1,1,0,209,512,209,512,0.34905304064911336,0.4692935654977904,0.100595289111098,0.12010984196825054,d971mqld0ogc73bgketg,65,142,283,561,0,92,225,0,243,0.005690813064575195,78.85428881645203,real_mitigated,ibm_berlin,runtime_dd_twirling,mitigated,512,0.005,0.05,5
5,1,2,2,258,512,258,512,0.48852140993607884,0.5130358182105175,0.12317296514328838,0.12707495001844615,d971nedd0ogc73bgkffg,67,144,2469,4395,0,826,1816,0,1752,0.015858888626098633,83.66840434074402,real_mitigated,ibm_berlin,runtime_dd_twirling,mitigated,512,0.005,0.05,5
5,1,3,29,274,512,274,512,0.49836659796893534,0.5004443679558233,0.1247400355303078,0.1250707233660311,d971o3k4ttfc73cordr0,94,171,32625,57689,0,11218,24267,0,22203,0.14626598358154297,148.30983996391296,real_mitigated,ibm_berlin,runtime_dd_twirling,mitigated,512,0.005,0.05,5
5,1,1,0,209,512,209,512,0.34905304064911336,0.4692935654977904,0.100595289111098,0.12010984196825054,d971pbb0iros73egs19g,65,142,279,557,0,92,226,0,238,0.00516510009765625,78.82186341285706,real_mitigated,ibm_berlin,runtime_dd_twirling,mitigated,512,0.005,0.05,6
5,1,2,2,247,512,247,512,0.4842385647897353,0.5087525986715157,0.12249107404267612,0.12639309049755207,d971pv44ttfc73corfgg,67,144,2532,4470,0,844,1862,0,1763,0.015648841857910156,83.60254955291748,real_mitigated,ibm_berlin,runtime_dd_twirling,mitigated,512,0.005,0.05,6
5,1,3,24,275,512,275,512,0.4995047801296529,0.5020065927017029,0.12492118329683077,0.1253193600045025,d971qk1v0aoc73c2jhdg,89,166,27073,47730,0,9272,20035,0,18422,0.12066078186035156,137.48004698753357,real_mitigated,ibm_berlin,runtime_dd_twirling,mitigated,512,0.005,0.05,6
5,1,1,0,181,512,181,512,0.29655501194960954,0.4135743714318473,0.09165330957497801,0.11117550175370833,d971rp1v0aoc73c2jie0,65,142,289,553,0,92,223,0,237,0.005733013153076172,79.17977118492126,real_mitigated,ibm_berlin,runtime_dd_twirling,mitigated,512,0.005,0.05,7
5,1,2,5,264,512,264,512,0.35515121670654803,0.36585254384032667,0.10161131854885555,0.10338495922076749,d971sd5d0ogc73bgkjr0,70,147,5872,10351,0,1990,4343,0,4017,0.03051900863647461,94.02226066589355,real_mitigated,ibm_berlin,runtime_dd_twirling,mitigated,512,0.005,0.05,7
5,1,3,55,241,512,241,512,0.36009115312103973,0.36115176692646356,0.1024314938788688,0.10260726305249401,d971t4s4ttfc73corib0,120,197,61969,109255,0,21276,46033,0,41945,0.2874274253845215,214.90150547027588,real_mitigated,ibm_berlin,runtime_dd_twirling,mitigated,512,0.005,0.05,7
5,1,1,0,154,512,154,512,0.2467122137228735,0.3590675783620429,0.08272778008200653,0.10226175561020516,d971ut30iros73egs66g,65,142,285,555,0,92,225,0,237,0.005640745162963867,80.58108329772949,real_mitigated,ibm_berlin,runtime_dd_twirling,mitigated,512,0.005,0.05,8
5,1,2,3,240,512,240,512,0.2712337214751664,0.28694286206734204,0.08718333031250046,0.0899705363289446,d971vh1v0aoc73c2jlq0,68,145,3614,6422,0,1229,2681,0,2511,0.02012491226196289,86.96169090270996,real_mitigated,ibm_berlin,runtime_dd_twirling,mitigated,512,0.005,0.05,8
5,1,3,37,278,512,278,512,0.2774626111876201,0.27892751966346285,0.08829427345089091,0.08855441895743218,d972075d0ogc73bgkn70,102,179,42048,73654,0,14328,30997,0,28328,0.1821305751800537,168.21060848236084,real_mitigated,ibm_berlin,runtime_dd_twirling,mitigated,512,0.005,0.05,8
5,1,1,0,217,512,217,512,0.36419371003125095,0.48507244104663955,0.10311076762745562,0.12262385212721051,d9721jpv0aoc73c2jnm0,65,142,287,561,0,92,225,0,243,0.005884647369384766,80.51868438720703,real_mitigated,ibm_berlin,runtime_dd_twirling,mitigated,512,0.005,0.05,9
5,1,2,2,243,512,243,512,0.4826801771874796,0.5071937830442486,0.12224291302457993,0.126144965635047,d97227pv0aoc73c2jo8g,67,144,2501,4448,0,844,1854,0,1749,0.01652836799621582,84.40697717666626,real_mitigated,ibm_berlin,runtime_dd_twirling,mitigated,512,0.005,0.05,9
5,1,3,22,253,512,253,512,0.49850814211399486,0.5012322394209344,0.12476256309075139,0.12519611719343948,d9722t9v0aoc73c2josg,87,164,24913,44023,0,8568,18537,0,16917,0.11558032035827637,131.88406682014465,real_mitigated,ibm_berlin,runtime_dd_twirling,mitigated,512,0.005,0.05,9
5,1,1,0,420,1024,420,1024,0.36819968690608945,0.4530586376044839,0.10377247451301135,0.11751803159739353,d97240b0iros73egsaog,65,142,285,552,0,92,224,0,235,0.00574183464050293,145.22596621513367,real_mitigated,ibm_berlin,runtime_dd_twirling,mitigated,1024,0.005,0.05,0
5,1,2,8,490,1024,490,1024,0.4068697529915513,0.4118651173152602,0.11009079053137605,0.1108992235102183,d97254td0ogc73bgkrn0,73,150,9179,16270,0,3142,6826,0,6301,0.04461479187011719,169.15729999542236,real_mitigated,ibm_berlin,runtime_dd_twirling,mitigated,1024,0.005,0.05,0
5,1,1,0,341,1024,341,1024,0.29320844779685235,0.37456634687980894,0.09106927852035032,0.10482105440891834,d9726i1v0aoc73c2js7g,65,142,280,562,0,95,230,0,236,0.0056285858154296875,145.2780101299286,real_mitigated,ibm_berlin,runtime_dd_twirling,mitigated,1024,0.005,0.05,1
5,1,2,5,510,1024,510,1024,0.3552023394828827,0.36273360818903605,0.1016198193909883,0.10286920408316419,d9727mhv0aoc73c2jt9g,70,147,5851,10397,0,2011,4361,0,4024,0.03203129768371582,162.54748797416687,real_mitigated,ibm_berlin,runtime_dd_twirling,mitigated,1024,0.005,0.05,1
5,1,1,0,363,1024,363,1024,0.31397792353968335,0.3965389353335568,0.0946642488296643,0.1084138307443174,d97291ld0ogc73bgkv8g,65,142,275,555,0,92,226,0,236,0.006049394607543945,146.02817153930664,real_mitigated,ibm_berlin,runtime_dd_twirling,mitigated,1024,0.005,0.05,2
5,1,2,5,509,1024,509,1024,0.3551174972362522,0.36264837400049604,0.10160571142802183,0.10285509624222172,d972a6dd0ogc73bgl0ag,70,147,5823,10309,0,1975,4310,0,4023,0.05386805534362793,165.5109190940857,real_mitigated,ibm_berlin,runtime_dd_twirling,mitigated,1024,0.005,0.05,2
5,1,1,0,418,1024,418,1024,0.3662875473612709,0.4510850993774557,0.10345681805922816,0.11720247996518028,d972bi44ttfc73corv8g,65,142,286,559,0,92,225,0,241,0.006403923034667969,203.80460596084595,real_mitigated,ibm_berlin,runtime_dd_twirling,mitigated,1024,0.005,0.05,3
5,1,2,8,504,1024,504,1024,0.4060805959997139,0.41107443346492617,0.10996293570145307,0.11077136203813254,d972d544ttfc73cos0o0,73,150,9265,16345,0,3154,6854,0,6336,0.04496312141418457,170.619469165802,real_mitigated,ibm_berlin,runtime_dd_twirling,mitigated,1024,0.005,0.05,3
5,1,1,0,334,1024,334,1024,0.2866194591126636,0.36755562704284833,0.08991363172269265,0.10366619143225728,d972ei9v0aoc73c2k3gg,65,142,289,546,0,89,218,0,238,0.006159782409667969,145.42959856987,real_mitigated,ibm_berlin,runtime_dd_twirling,mitigated,1024,0.005,0.05,4
5,1,2,4,518,1024,518,1024,0.3238813454772159,0.3328929002258977,0.09635524981497275,0.09788227650442416,d972fmhv0aoc73c2k4gg,69,146,4769,8441,0,1629,3545,0,3266,0.025684595108032227,158.93191194534302,real_mitigated,ibm_berlin,runtime_dd_twirling,mitigated,1024,0.005,0.05,4
5,1,1,0,379,1024,379,1024,0.329139621257298,0.41246247690514176,0.09724757411588868,0.110995798110544,d972h130iros73egsmlg,65,142,283,561,0,92,225,0,243,0.005414247512817383,145.2995047569275,real_mitigated,ibm_berlin,runtime_dd_twirling,mitigated,1024,0.005,0.05,5
5,1,2,6,491,1024,491,1024,0.3786479281114834,0.38510230203923024,0.10549139408944302,0.10654857478696286,d972i5j0iros73egsnq0,71,148,6871,12304,0,2372,5154,0,4777,0.03489279747009277,163.86834239959717,real_mitigated,ibm_berlin,runtime_dd_twirling,mitigated,1024,0.005,0.05,5
5,1,1,0,488,1024,488,1024,0.43361061542957174,0.5197610641600388,0.11440250497453146,0.12814589038398028,d972jh9v0aoc73c2k87g,65,142,279,557,0,92,226,0,238,0.0055158138275146484,144.80472540855408,real_mitigated,ibm_berlin,runtime_dd_twirling,mitigated,1024,0.005,0.05,6
5,1,2,5,509,1024,509,1024,0.49634090050944635,0.5041909350806784,0.12441763103050553,0.12566701584470544,d972klj0iros73egsqcg,70,147,5807,10303,0,1978,4296,0,4028,0.029821395874023438,175.002055644989,real_mitigated,ibm_berlin,runtime_dd_twirling,mitigated,1024,0.005,0.05,6
5,1,1,0,425,1024,425,1024,0.37298301756906416,0.45798950441763375,0.10456062419387972,0.11830592999373606,d972m41v0aoc73c2kal0,65,142,289,553,0,92,223,0,237,0.00559687614440918,146.35221433639526,real_mitigated,ibm_berlin,runtime_dd_twirling,mitigated,1024,0.005,0.05,7
5,1,2,2,550,1024,550,1024,0.4987818583007426,0.516049841453148,0.12480612653538795,0.12755485047984635,d972n8pv0aoc73c2kbn0,67,144,2528,4445,0,844,1859,0,1741,0.015248298645019531,152.1175570487976,real_mitigated,ibm_berlin,runtime_dd_twirling,mitigated,1024,0.005,0.05,7
5,1,3,23,536,1024,536,1024,0.4985832779587207,0.5004205576576156,0.12477452138243685,0.12506693383795703,d972oepv0aoc73c2kcp0,88,165,25980,45831,0,8902,19257,0,17671,0.11662578582763672,218.444185256958,real_mitigated,ibm_berlin,runtime_dd_twirling,mitigated,1024,0.005,0.05,7
5,1,1,0,267,1024,267,1024,0.22406870599233522,0.2999390502282867,0.07847932172412196,0.09224194551735483,d972q7td0ogc73bglf3g,65,142,285,555,0,92,225,0,237,0.0052373409271240234,214.31721758842468,real_mitigated,ibm_berlin,runtime_dd_twirling,mitigated,1024,0.005,0.05,8
5,1,2,6,505,1024,505,1024,0.26423963517005056,0.2701179102940706,0.08592631146490036,0.08698348405687321,d972rtdd0ogc73bglgig,71,148,6991,12403,0,2393,5215,0,4794,0.035529136657714844,165.56143355369568,real_mitigated,ibm_berlin,runtime_dd_twirling,mitigated,1024,0.005,0.05,8
5,1,1,0,435,1024,435,1024,0.3825623833340692,0.46783854573364275,0.10613296066297653,0.11987780930386403,d972t9ld0ogc73bglhqg,65,142,287,561,0,92,225,0,243,0.005921840667724609,145.80675554275513,real_mitigated,ibm_berlin,runtime_dd_twirling,mitigated,1024,0.005,0.05,9
5,1,2,2,499,1024,499,1024,0.48883035591162494,0.5060995852563274,0.1232221480388456,0.12597080322448767,d972ue30iros73egt32g,67,144,2501,4448,0,844,1854,0,1749,0.015736103057861328,152.1588876247406,real_mitigated,ibm_berlin,runtime_dd_twirling,mitigated,1024,0.005,0.05,9
5,1,3,34,493,1024,493,1024,0.4991057069869754,0.5003571829102278,0.12485766877051731,0.12505684743058576,d972vkb0iros73egt44g,99,176,38564,67692,0,13167,28480,0,26044,0.1730666160583496,253.0966079235077,real_mitigated,ibm_berlin,runtime_dd_twirling,mitigated,1024,0.005,0.05,9
5,1,1,0,553,2048,553,2048,0.24357867981200104,0.29766830969124897,0.08214810724378963,0.09184717422131325,d9731m5d0ogc73bgllp0,65,142,285,552,0,92,224,0,235,0.005268573760986328,278.5213394165039,real_mitigated,ibm_berlin,runtime_dd_twirling,mitigated,2048,0.005,0.05,0
5,1,2,9,1037,2048,1037,2048,0.26091157565553896,0.26373078228560926,0.08532444905290607,0.08583444661843423,d9733rs4ttfc73cosl70,74,151,10231,18212,0,3515,7638,0,7058,0.04819011688232422,319.74419617652893,real_mitigated,ibm_berlin,runtime_dd_twirling,mitigated,2048,0.005,0.05,0
5,1,1,0,675,2048,675,2048,0.3014189789603945,0.35865515011954907,0.09249877294007329,0.1021933330651803,d9736e1v0aoc73c2kp3g,65,142,280,562,0,95,230,0,236,0.005467414855957031,277.76112031936646,real_mitigated,ibm_berlin,runtime_dd_twirling,mitigated,2048,0.005,0.05,1
5,1,2,9,973,2048,973,2048,0.33737407815235954,0.3404076008443668,0.09863773117146699,0.09914773317623987,d9738jhv0aoc73c2kr2g,74,151,10352,18281,0,3551,7685,0,7044,0.049352407455444336,320.5178816318512,real_mitigated,ibm_berlin,runtime_dd_twirling,mitigated,2048,0.005,0.05,1
5,1,1,0,580,2048,580,2048,0.2563305660267709,0.3112141645918644,0.08449191299045328,0.09418979549447787,d973b6dd0ogc73bglu80,65,142,275,555,0,92,226,0,236,0.00556635856628418,277.77352118492126,real_mitigated,ibm_berlin,runtime_dd_twirling,mitigated,2048,0.005,0.05,2
5,1,2,10,969,2048,969,2048,0.2829039255805993,0.2855192701472722,0.08925847195761187,0.08971990304451985,d973dbtd0ogc73bgm050,75,152,11480,20284,0,3927,8526,0,7830,0.05359506607055664,325.43116188049316,real_mitigated,ibm_berlin,runtime_dd_twirling,mitigated,2048,0.005,0.05,2
5,1,1,0,552,2048,552,2048,0.2431069546876227,0.29716604530759944,0.08206062491336748,0.09175973812379273,d973fvk4ttfc73cosvvg,65,142,286,559,0,92,225,0,241,0.005739927291870117,277.3660364151001,real_mitigated,ibm_berlin,runtime_dd_twirling,mitigated,2048,0.005,0.05,3
5,1,2,9,1007,2048,1007,2048,0.2602352406273173,0.2630520980880737,0.08520183520585141,0.08571183299006768,d973i51v0aoc73c2l3kg,74,151,10310,18282,0,3551,7683,0,7047,0.04917716979980469,319.71621894836426,real_mitigated,ibm_berlin,runtime_dd_twirling,mitigated,2048,0.005,0.05,3
5,1,1,0,974,2048,974,2048,0.44526286169673257,0.5060370700847479,0.11627081831091257,0.12596085289304512,d973kntd0ogc73bgm6og,65,142,289,546,0,89,218,0,238,0.005597114562988281,277.49235105514526,real_mitigated,ibm_berlin,runtime_dd_twirling,mitigated,2048,0.005,0.05,4
5,1,2,6,985,2048,985,2048,0.49619427409702616,0.5008776268516444,0.12439429406187814,0.12513967872335252,d973mt9v0aoc73c2l7s0,71,148,7013,12323,0,2381,5172,0,4769,0.03414297103881836,305.53425312042236,real_mitigated,ibm_berlin,runtime_dd_twirling,mitigated,2048,0.005,0.05,4
5,1,1,0,862,2048,862,2048,0.3910625203767557,0.45114931061497715,0.10752187538975694,0.11721274869369196,d973pcb0iros73egtru0,65,142,283,561,0,92,225,0,243,0.006037473678588867,277.2871775627136,real_mitigated,ibm_berlin,runtime_dd_twirling,mitigated,2048,0.005,0.05,5
5,1,2,10,1061,2048,1061,2048,0.42319601616810704,0.4260621225433464,0.11272767796373702,0.11318910631264778,d973rhtd0ogc73bgmdp0,75,152,11470,20200,0,3921,8463,0,7815,0.05340766906738281,323.95978307724,real_mitigated,ibm_berlin,runtime_dd_twirling,mitigated,2048,0.005,0.05,5
5,1,1,0,831,2048,831,2048,0.37612617486843336,0.4358916532345105,0.1050774032456197,0.11476867501709864,d973u5pv0aoc73c2lf7g,65,142,279,557,0,92,226,0,238,0.005644083023071289,278.06431007385254,real_mitigated,ibm_berlin,runtime_dd_twirling,mitigated,2048,0.005,0.05,6
5,1,2,8,1045,2048,1045,2048,0.40577360670758716,0.4092932251474583,0.10991318840574466,0.11048318623893302,d9740bb0iros73egu2cg,73,150,9233,16236,0,3136,6802,0,6297,0.04469656944274902,315.53484201431274,real_mitigated,ibm_berlin,runtime_dd_twirling,mitigated,2048,0.005,0.05,6
5,1,1,0,701,2048,701,2048,0.3138150214675449,0.37158300945677725,0.09463631511425508,0.10433016060491546,d9742sld0ogc73bgmkg0,65,142,289,553,0,92,223,0,237,0.005590200424194336,294.1967878341675,real_mitigated,ibm_berlin,runtime_dd_twirling,mitigated,2048,0.005,0.05,7
5,1,2,9,1000,2048,1000,2048,0.3367181477443258,0.3397502127454574,0.09852730764164164,0.09903730594903556,d97456b0iros73egu6mg,74,151,10353,18265,0,3530,7660,0,7074,0.049231767654418945,319.91979122161865,real_mitigated,ibm_berlin,runtime_dd_twirling,mitigated,2048,0.005,0.05,7
5,1,1,0,741,2048,741,2048,0.3329300928334273,0.3914278300887395,0.0978885569526367,0.1075814423804688,d9747opv0aoc73c2lnpg,65,142,285,555,0,92,225,0,237,0.005101919174194336,277.8592507839203,real_mitigated,ibm_berlin,runtime_dd_twirling,mitigated,2048,0.005,0.05,8
5,1,2,11,963,2048,963,2048,0.36507387910311895,0.36762470768169686,0.10325628532033793,0.10367759301732331,d9749uk4ttfc73coto0g,76,153,12582,22258,0,4315,9356,0,8586,0.05878281593322754,329.8395321369171,real_mitigated,ibm_berlin,runtime_dd_twirling,mitigated,2048,0.005,0.05,8
5,1,1,0,742,2048,742,2048,0.3334086417964774,0.3919232790244712,0.09796935041835522,0.10766221388810913,d974cjld0ogc73bgmt60,65,142,287,561,0,92,225,0,243,0.0057926177978515625,278.7410624027252,real_mitigated,ibm_berlin,runtime_dd_twirling,mitigated,2048,0.005,0.05,9
5,1,2,11,989,2048,989,2048,0.3645422918573658,0.3670923146523314,0.10316840735207938,0.10358971127962693,d974ep9v0aoc73c2lu0g,76,153,12528,22203,0,4282,9309,0,8611,0.06008267402648926,330.4858558177948,real_mitigated,ibm_berlin,runtime_dd_twirling,mitigated,2048,0.005,0.05,9
5,1,1,0,1188,4096,1188,4096,0.2708133913591627,0.3098143642795157,0.08710807790380812,0.09394905283695248,d974hek4ttfc73cotuk0,65,142,285,552,0,92,224,0,235,0.005200624465942383,543.2362537384033,real_mitigated,ibm_berlin,runtime_dd_twirling,mitigated,4096,0.005,0.05,0
5,1,2,14,1920,4096,1920,4096,0.28840636044978574,0.28974947654461936,0.09022780844428185,0.09046357678660263,d974lmb0iros73egulag,79,156,15986,28073,0,5434,11765,0,10873,0.07385373115539551,1105.2237384319305,real_mitigated,ibm_berlin,runtime_dd_twirling,mitigated,4096,0.005,0.05,0
5,1,1,0,1585,4096,1585,4096,0.36619012986062377,0.40803138431297764,0.10344072709347787,0.11027892085580905,d974udc4ttfc73coua00,65,142,280,562,0,95,230,0,236,0.005839347839355469,681.3613893985748,real_mitigated,ibm_berlin,runtime_dd_twirling,mitigated,4096,0.005,0.05,1
5,1,2,13,1993,4096,1993,4096,0.38440177186153174,0.38595034114003957,0.10643399672491621,0.10668722719530109,d9753nld0ogc73bgnhfg,78,155,14885,26251,0,5094,11029,0,10127,0.07013106346130371,784.6437132358551,real_mitigated,ibm_berlin,runtime_dd_twirling,mitigated,4096,0.005,0.05,1
5,1,1,0,1637,4096,1637,4096,0.37875047727224687,0.4208284359768538,0.10550821788943524,0.11234619650192475,d9759uc4ttfc73couk4g,65,142,275,555,0,92,226,0,236,0.0053043365478515625,694.157505273819,real_mitigated,ibm_berlin,runtime_dd_twirling,mitigated,4096,0.005,0.05,2
5,1,2,15,2066,4096,2066,4096,0.39853336409290224,0.39989070646238073,0.10873813690138774,0.10895869208717436,d975fc44ttfc73couot0,80,157,17174,30218,0,5867,12705,0,11645,0.07632780075073242,797.4022262096405,real_mitigated,ibm_berlin,runtime_dd_twirling,mitigated,4096,0.005,0.05,2
5,1,1,0,1049,4096,1049,4096,0.2376607120126364,0.2751850016051557,0.08104637824036476,0.08788896193371051,d975lm1v0aoc73c2n040,65,142,286,559,0,92,225,0,241,0.005998373031616211,543.4418811798096,real_mitigated,ibm_berlin,runtime_dd_twirling,mitigated,4096,0.005,0.05,3
5,1,2,15,1960,4096,1960,4096,0.2561382057459773,0.25734893791307006,0.08445684839829605,0.08467740464313966,d975pudd0ogc73bgo50g,80,157,17120,30109,0,5840,12643,0,11625,0.07706022262573242,659.7389521598816,real_mitigated,ibm_berlin,runtime_dd_twirling,mitigated,4096,0.005,0.05,3
5,1,1,0,1618,4096,1618,4096,0.3741594100243023,0.4161542991734837,0.1047541415582075,0.11159219540488752,d975v5ld0ogc73bgo9p0,65,142,289,546,0,89,218,0,238,0.0055615901947021484,541.5409696102142,real_mitigated,ibm_berlin,runtime_dd_twirling,mitigated,4096,0.005,0.05,4
5,1,2,14,1935,4096,1935,4096,0.39086285022502276,0.3923089801490146,0.10748931319406604,0.10772508098278033,d9763d5d0ogc73bgodl0,79,156,16010,28175,0,5467,11852,0,10855,0.0742940902709961,651.0941882133484,real_mitigated,ibm_berlin,runtime_dd_twirling,mitigated,4096,0.005,0.05,4
5,1,1,0,1651,4096,1651,4096,0.3821346197993188,0.42427128628407046,0.10606291319096847,0.11290083880870158,d9768ild0ogc73bgoi50,65,142,283,561,0,92,225,0,243,0.0056858062744140625,542.8858168125153,real_mitigated,ibm_berlin,runtime_dd_twirling,mitigated,4096,0.005,0.05,5
5,1,2,16,1956,4096,1956,4096,0.404067271670961,0.4053452181309524,0.10963656920568686,0.10984375850206428,d976cqld0ogc73bgolv0,81,158,18176,32112,0,6234,13510,0,12367,0.08491325378417969,668.0762095451355,real_mitigated,ibm_berlin,runtime_dd_twirling,mitigated,4096,0.005,0.05,5
5,1,1,0,1918,4096,1918,4096,0.44687314425010627,0.4897333125574221,0.11652860688133951,0.12336589110192217,d976i4b0iros73eh0ap0,65,142,279,557,0,92,226,0,238,0.00547027587890625,543.1022634506226,real_mitigated,ibm_berlin,runtime_dd_twirling,mitigated,4096,0.005,0.05,6
5,1,2,6,2005,4096,2005,4096,0.4975404313234867,0.5008449982738717,0.12460854590851948,0.12513448571620805,d976mc30iros73eh0eh0,71,148,7003,12326,0,2375,5167,0,4783,0.03406715393066406,588.1232500076294,real_mitigated,ibm_berlin,runtime_dd_twirling,mitigated,4096,0.005,0.05,6
5,1,1,0,1558,4096,1558,4096,0.35967426613092196,0.40138090816916344,0.10236237475486415,0.10920069194032993,d976r1dd0ogc73bgp2jg,65,142,289,553,0,92,223,0,237,0.005413532257080078,541.939671754837,real_mitigated,ibm_berlin,runtime_dd_twirling,mitigated,4096,0.005,0.05,7
5,1,2,13,2028,4096,2028,4096,0.3840939554891802,0.3856422905998977,0.10638363818083783,0.10663686822140149,d976v91v0aoc73c2o5bg,78,155,14809,26153,0,5079,10986,0,10087,0.06963038444519043,642.6240577697754,real_mitigated,ibm_berlin,runtime_dd_twirling,mitigated,4096,0.005,0.05,7
5,1,1,0,1234,4096,1234,4096,0.2818144894594436,0.32124475610391,0.0890658802644994,0.09590640965492508,d9774c5d0ogc73bgpb20,65,142,285,555,0,92,225,0,237,0.005194187164306641,43928.05649280548,real_mitigated,ibm_berlin,runtime_dd_twirling,mitigated,4096,0.005,0.05,8
5,1,2,15,2109,4096,2109,4096,0.3017445063416464,0.30301746491152354,0.09255521688502014,0.09277577255531745,d97hric4ttfc73cp9n4g,80,157,17032,30070,0,5837,12647,0,11585,0.07573199272155762,680.9071891307831,real_mitigated,ibm_berlin,runtime_dd_twirling,mitigated,4096,0.005,0.05,8
5,1,1,0,1430,4096,1430,4096,0.3288401464515931,0.36979684588745887,0.09719685231880841,0.10403587167238412,d97i0vdd0ogc73bh2ukg,65,142,287,561,0,92,225,0,243,0.005354881286621094,649.6374251842499,real_mitigated,ibm_berlin,runtime_dd_twirling,mitigated,4096,0.005,0.05,9
5,1,2,15,2050,4096,2050,4096,0.34967248108546306,0.35099472923589,0.10069867992738113,0.10091923506755641,d97i61td0ogc73bh3340,80,157,17080,30128,0,5840,12653,0,11634,0.07746601104736328,662.8811359405518,real_mitigated,ibm_berlin,runtime_dd_twirling,mitigated,4096,0.005,0.05,9
5,1,1,0,2505,8192,2505,8192,0.29193591903227767,0.31988996211724974,0.09084669121537689,0.09567539966395075,d97iba5d0ogc73bh37n0,65,142,285,552,0,92,224,0,235,0.005321502685546875,1070.9915161132812,real_mitigated,ibm_berlin,runtime_dd_twirling,mitigated,8192,0.005,0.05,0
5,1,2,23,4156,8192,4156,8192,0.3043649525293547,0.3049589797538615,0.09300895621292546,0.09311166070021151,d97ijm5d0ogc73bh3f50,88,165,25837,45705,0,8863,19190,0,17651,0.1161489486694336,2995.7861518859863,real_mitigated,ibm_berlin,runtime_dd_twirling,mitigated,8192,0.005,0.05,0
5,1,1,0,2945,8192,2945,8192,0.3450346406638268,0.37414293270288984,0.09992353426758861,0.10475143187529391,d97jb5hv0aoc73c334jg,65,142,280,562,0,95,230,0,236,0.005456447601318359,1143.012405872345,real_mitigated,ibm_berlin,runtime_dd_twirling,mitigated,8192,0.005,0.05,1
5,1,2,16,4081,8192,4081,8192,0.35874607126963276,0.35962795010209353,0.1022084185261718,0.10235469455681648,d97jk3j0iros73ehbuag,81,158,18159,32026,0,6213,13447,0,12365,0.08399772644042969,1299.30189204216,real_mitigated,ibm_berlin,runtime_dd_twirling,mitigated,8192,0.005,0.05,1
5,1,1,0,2941,8192,2941,8192,0.3445510034405341,0.37365064521658786,0.09984256104038952,0.10467046448870776,d97jub1v0aoc73c33lcg,65,142,275,555,0,92,226,0,236,0.005427837371826172,1194.7575681209564,real_mitigated,ibm_berlin,runtime_dd_twirling,mitigated,8192,0.005,0.05,2
5,1,2,16,4203,8192,4203,8192,0.35831326152307036,0.35919490754624295,0.10213660002286883,0.1022828762441655,d97k7lr0iros73ehcff0,81,158,18321,32148,0,6240,13519,0,12388,0.0819697380065918,1806.6171078681946,real_mitigated,ibm_berlin,runtime_dd_twirling,mitigated,8192,0.005,0.05,2
5,1,1,0,3351,8192,3351,8192,0.3942063184132898,0.4240276287445692,0.10803417775443562,0.11286160543572946,d97kls1v0aoc73c34a60,65,142,286,559,0,92,225,0,241,0.00577235221862793,1190.7050874233246,real_mitigated,ibm_berlin,runtime_dd_twirling,mitigated,8192,0.005,0.05,3
5,1,2,17,3960,8192,3960,8192,0.4107619381354563,0.4116147208384673,0.1107208182036985,0.11085873589673043,d97kv644ttfc73cpcgog,82,159,19394,34026,0,6595,14296,0,13134,0.08684039115905762,1404.7664449214935,real_mitigated,ibm_berlin,runtime_dd_twirling,mitigated,8192,0.005,0.05,3
5,1,1,0,3100,8192,3100,8192,0.3637879945375757,0.39320666391372716,0.10304366572562061,0.1078713560109821,d97la7b0iros73ehddp0,65,142,289,546,0,89,218,0,238,0.005769491195678711,1217.7226881980896,real_mitigated,ibm_berlin,runtime_dd_twirling,mitigated,8192,0.005,0.05,4
5,1,2,19,3980,8192,3980,8192,0.3796122509803732,0.3803672012586141,0.10564956195493216,0.10577333417104637,d97ljo44ttfc73cpd2s0,84,161,21581,38007,0,7377,15988,0,14641,0.09627151489257812,2121.7053875923157,real_mitigated,ibm_berlin,runtime_dd_twirling,mitigated,8192,0.005,0.05,4
