source,backend,condition,n,harmonic_index,shots_per_round,epsilon_target,alpha,analytic_k1,statevector_cos,statevector_k1,cos_estimate,k1_estimate,abs_error_vs_analytic_k1,abs_error_vs_statevector_k1,statevector_abs_error_vs_analytic_k1,max_transpiled_depth,max_transpiled_ecr,max_transpiled_cz,amplitude_estimate,amplitude_ci_low,amplitude_ci_high,cos_ci_low,cos_ci_high,epsilon_estimated,num_oracle_queries,powers,ratios,iqae_rounds,max_grover_power,source_file,recovered_from_jobs
aer_ideal,ibm_berlin,aer_ideal_backend_transpiled,2,1,8192,0.005,0.05,-1.640601856706279,0.5553494065680916,-1.9291098572856649,0.5553960834077993,-1.9292719980037825,0.2886701412975034,0.0001621407181175,0.2885080005793858,6019,0,1415,0.2223019582961003,0.2220443997336154,0.2225595168585852,0.5548809662828296,0.5559112005327691,0.0002575585624848,196608,"[0, 0, 24]","[1.0, 49.0]",2,24,experiments/nighthawk_backend_probe_20260702/outputs/hardware_workflow/iqae_chebyshev_k1_n2_8_aer_20260706T081113Z.csv,
aer_ideal,ibm_berlin,aer_ideal_backend_transpiled,3,1,8192,0.005,0.05,-1.640601856706279,0.5466334516883146,-1.825179940808173,0.5469171432477088,-1.8261271717944647,0.1855253150881861,0.0009472309862921,0.184578084101894,12103,0,4311,0.2265414283761456,0.2262461410195833,0.2268367157327078,0.5463265685345844,0.5475077179608332,0.0002952873565622,172032,"[0, 0, 21]","[1.0, 43.0]",2,21,experiments/nighthawk_backend_probe_20260702/outputs/hardware_workflow/iqae_chebyshev_k1_n2_8_aer_20260706T081113Z.csv,
aer_ideal,ibm_berlin,aer_ideal_backend_transpiled,4,1,8192,0.005,0.05,-1.640601856706279,0.5262812191518782,-1.6784493467444732,0.5261973101707442,-1.678181738915341,0.037579882209062,0.0002676078291321,0.0378474900381942,15173,0,4493,0.2369013449146279,0.2366263027868196,0.2371763870424361,0.5256472259151277,0.5267473944263606,0.0002750421278082,188416,"[0, 0, 23]","[1.0, 47.0]",2,23,experiments/nighthawk_backend_probe_20260702/outputs/hardware_workflow/iqae_chebyshev_k1_n2_8_aer_20260706T081113Z.csv,
aer_ideal,ibm_berlin,aer_ideal_backend_transpiled,5,1,8192,0.005,0.05,-1.640601856706279,0.5220517636129036,-1.6492437628624546,0.5218001029243284,-1.6484487271017898,0.0078468703955107,0.0007950357606647,0.0086419061561755,21517,0,7377,0.2390999485378358,0.238767987066043,0.2394319100096285,0.5211361799807429,0.5224640258679139,0.0003319614717927,155648,"[0, 0, 19]","[1.0, 39.0]",2,19,experiments/nighthawk_backend_probe_20260702/outputs/hardware_workflow/iqae_chebyshev_k1_n2_8_aer_20260706T081113Z.csv,
aer_ideal,ibm_berlin,aer_ideal_backend_transpiled,6,1,8192,0.005,0.05,-1.640601856706279,0.5211059198057202,-1.6427244325637949,0.520991908817868,-1.6423650264849017,0.0017631697786226,0.0003594060788931,0.0021225758575158,23889,0,7613,0.2395040455910659,0.2391341317053371,0.2398739594767948,0.5202520810464102,0.5217317365893258,0.0003699138857288,139264,"[0, 0, 17]","[1.0, 35.0]",2,17,experiments/nighthawk_backend_probe_20260702/outputs/hardware_workflow/iqae_chebyshev_k1_n2_8_aer_20260706T081113Z.csv,
aer_ideal,ibm_berlin,aer_ideal_backend_transpiled,7,1,8192,0.005,0.05,-1.640601856706279,0.5210614370124688,-1.6417192827636076,0.5204837616777384,-1.6398991888767112,0.0007026678295678,0.0018200938868964,0.0011174260573285,30086,0,10805,0.2397581191611308,0.2393880814329768,0.2401281568892847,0.5197436862214304,0.5212238371340463,0.0003700377281539,139264,"[0, 0, 17]","[1.0, 35.0]",2,17,experiments/nighthawk_backend_probe_20260702/outputs/hardware_workflow/iqae_chebyshev_k1_n2_8_aer_20260706T081014Z.csv,
aer_ideal,ibm_berlin,aer_ideal_backend_transpiled,8,1,8192,0.005,0.05,-1.640601856706279,0.5185498809808726,-1.6335919276211652,0.5184744642882545,-1.6333543417981085,0.0072475149081705,0.0002375858230567,0.0070099290851137,45384,0,15187,0.2407627678558727,0.2404464090990141,0.2410791266127313,0.5178417467745373,0.5191071818019717,0.0003163587568585,163840,"[0, 0, 20]","[1.0, 41.0]",2,20,experiments/nighthawk_backend_probe_20260702/outputs/hardware_workflow/iqae_chebyshev_k1_n2_8_aer_20260706T081014Z.csv,
aer_noise,ibm_berlin,aer_noise_model_from_backend,2,1,8192,0.005,0.05,-1.640601856706279,0.5553494065680916,-1.9291098572856649,0.5359524606506931,-1.8617309438881904,0.2211290871819111,0.0673789133974747,0.2885080005793858,4794,0,1125,0.2320237696746534,0.2316954881948894,0.2323520511544175,0.535295897691165,0.5366090236102212,0.000328281479764,155648,"[0, 0, 19]","[1.0, 39.0]",2,19,experiments/nighthawk_backend_probe_20260702/outputs/hardware_workflow/iqae_chebyshev_k1_n2_8_aer_20260706T081113Z.csv,
aer_noise,ibm_berlin,aer_noise_model_from_backend,3,1,8192,0.005,0.05,-1.640601856706279,0.5466334516883146,-1.825179940808173,0.4872051209014074,-1.6267519138863542,0.0138499428199247,0.1984280269218188,0.184578084101894,10393,0,3669,0.2563974395492963,0.2560395139258826,0.2567553651727099,0.4864892696545801,0.4879209721482348,0.0003579256234136,147456,"[0, 0, 18]","[1.0, 37.0]",2,18,experiments/nighthawk_backend_probe_20260702/outputs/hardware_workflow/iqae_chebyshev_k1_n2_8_aer_20260706T081113Z.csv,
aer_noise,ibm_berlin,aer_noise_model_from_backend,4,1,8192,0.005,0.05,-1.640601856706279,0.5262812191518782,-1.6784493467444732,0.4903484472270645,-1.5638502780923262,0.0767515786139527,0.1145990686521469,0.0378474900381942,15627,0,4744,0.2548257763864677,0.2545560510249905,0.2550955017479449,0.4898089965041101,0.4908878979500188,0.0002697253614771,196608,"[0, 0, 24]","[1.0, 49.0]",2,24,experiments/nighthawk_backend_probe_20260702/outputs/hardware_workflow/iqae_chebyshev_k1_n2_8_aer_20260706T081113Z.csv,
aer_noise,ibm_berlin,aer_noise_model_from_backend,5,1,8192,0.005,0.05,-1.640601856706279,0.5220517636129036,-1.6492437628624546,0.4245388295257311,-1.3411850423465033,0.2994168143597757,0.3080587205159513,0.0086419061561755,23868,0,8138,0.2877305852371344,0.2874112744254753,0.2880498960487935,0.423900207902413,0.4251774511490492,0.000319310811659,172032,"[0, 0, 21]","[1.0, 43.0]",2,21,experiments/nighthawk_backend_probe_20260702/outputs/hardware_workflow/iqae_chebyshev_k1_n2_8_aer_20260706T081113Z.csv,
aer_noise,ibm_berlin,aer_noise_model_from_backend,6,1,8192,0.005,0.05,-1.640601856706279,0.5211059198057202,-1.6427244325637949,0.4429991743669732,-1.396502207477374,0.2440996492289049,0.2462222250864207,0.0021225758575158,27775,0,8945,0.2785004128165134,0.2781688125103785,0.2788320131226481,0.4423359737547037,0.4436623749792429,0.0003316003061347,163840,"[0, 0, 20]","[1.0, 41.0]",2,20,experiments/nighthawk_backend_probe_20260702/outputs/hardware_workflow/iqae_chebyshev_k1_n2_8_aer_20260706T081113Z.csv,
aer_noise,ibm_berlin,aer_noise_model_from_backend,7,1,8192,0.005,0.05,-1.640601856706279,0.5210614370124688,-1.6417192827636076,0.433766958988637,-1.3666787257955064,0.2739231309107726,0.2750405569681011,0.0011174260573285,42701,0,15271,0.2831165205056815,0.2828376659378537,0.2833953750735092,0.4332092498529816,0.4343246681242926,0.0002788545678277,196608,"[0, 0, 24]","[1.0, 49.0]",2,24,experiments/nighthawk_backend_probe_20260702/outputs/hardware_workflow/iqae_chebyshev_k1_n2_8_aer_20260706T081143Z.csv,
aer_noise,ibm_berlin,aer_noise_model_from_backend,8,1,8192,0.005,0.05,-1.640601856706279,0.5185498809808726,-1.6335919276211652,0.4429617905056204,-1.3954661484943836,0.2451357082118954,0.2381257791267816,0.0070099290851137,45384,0,15187,0.2785191047471897,0.278187497534148,0.2788507119602314,0.4422985760795371,0.4436250049317038,0.0003316072130416,163840,"[0, 0, 20]","[1.0, 41.0]",2,20,experiments/nighthawk_backend_probe_20260702/outputs/hardware_workflow/iqae_chebyshev_k1_n2_8_aer_20260706T081213Z.csv,
real_mitigated,ibm_berlin,runtime_dd_twirling,2,1,8192,0.005,0.05,-1.640601856706279,0.5553494065680916,-1.9291098572856649,0.5114534884090683,-1.776629189414826,0.136027332708547,0.1524806678708388,0.2885080005793858,5045,0,1183,0.2442732557954658,0.2439554193128937,0.2445910922780379,0.510817815443924,0.5120891613742127,0.0003178364825721,163840,"[0, 0, 20]","[1.0, 41.0]",2,20,experiments/nighthawk_backend_probe_20260702/outputs/hardware_workflow/iqae_chebyshev_k1_n2_8_runtime_20260706T084359Z.csv,
real_mitigated,ibm_berlin,runtime_dd_twirling,3,1,8192,0.005,0.05,-1.640601856706279,0.5466334516883146,-1.825179940808173,0.4245234104407889,-1.4174610257511369,0.2231408309551421,0.4077189150570361,0.184578084101894,12103,0,4311,0.2877382947796055,0.2874189814214656,0.2880576081377455,0.423884783724509,0.4251620371570687,0.0003193133581399,172032,"[0, 0, 21]","[1.0, 43.0]",2,21,experiments/nighthawk_backend_probe_20260702/outputs/hardware_workflow/iqae_chebyshev_k1_n2_8_runtime_20260706T091538Z.csv,
real_mitigated,ibm_berlin,runtime_dd_twirling,4,1,8192,0.005,0.05,-1.640601856706279,0.5262812191518782,-1.6784493467444732,0.443367535767166,-1.414015784137926,0.226586072568353,0.2644335626065472,0.0378474900381942,12984,0,3944,0.278316232116417,0.2779846997033751,0.2786477645294589,0.4427044709410821,0.4440306005932498,0.0003315324130419,163840,"[0, 0, 20]","[1.0, 41.0]",2,20,experiments/nighthawk_backend_probe_20260702/outputs/hardware_workflow/iqae_chebyshev_k1_n2_8_runtime_20260706T091538Z.csv,
real_mitigated,ibm_berlin,runtime_dd_twirling,5,1,8192,0.005,0.05,-1.640601856706279,0.5220517636129036,-1.6492437628624546,0.3334071462087005,-1.053285698286028,0.5873161584202509,0.5959580645764264,0.0086419061561755,20479,0,6986,0.3332964268956497,0.3329100181154092,0.3336828356758902,0.3326343286482196,0.3341799637691814,0.0003864087802404,147456,"[0, 0, 18]","[1.0, 37.0]",2,18,experiments/nighthawk_backend_probe_20260702/outputs/hardware_workflow/iqae_chebyshev_k1_n2_8_runtime_20260706T092809Z.csv,
real_mitigated,ibm_berlin,runtime_dd_twirling,6,1,8192,0.005,0.05,-1.640601856706279,0.5211059198057202,-1.6427244325637949,0.2393155919196825,-0.7544139396583647,0.8861879170479143,0.8883104929054302,0.0021225758575158,26270,0,8401,0.3803422040401587,0.3799646618218129,0.3807197462585046,0.2385605074829908,0.2400706763563742,0.0003775422183458,155648,"[0, 0, 19]","[1.0, 39.0]",2,19,experiments/nighthawk_backend_probe_20260702/outputs/hardware_workflow/iqae_chebyshev_k1_n2_8_runtime_20260706T094230Z.csv,
real_mitigated,ibm_berlin,runtime_dd_twirling,7,1,8192,0.005,0.05,-1.640601856706279,0.5210614370124688,-1.6417192827636076,0.145662908401413,-0.4589432042354469,1.181658652470832,1.1827760785281607,0.0011174260573285,37379,0,13381,0.4271685457992935,0.4268196373090894,0.4275174542894975,0.144965091421005,0.1463607253818211,0.000348908490204,172032,"[0, 0, 21]","[1.0, 43.0]",2,21,experiments/nighthawk_backend_probe_20260702/outputs/hardware_workflow/iqae_chebyshev_k1_n2_8_runtime_20260706T095357Z.csv,
real_mitigated,ibm_berlin,runtime_dd_twirling,8,1,8192,0.005,0.05,-1.640601856706279,0.5185498809808726,-1.6335919276211652,0.2660636366697347,-0.8381824488611571,0.8024194078451219,0.7954094787600081,0.0070099290851137,38574,0,12898,0.3669681816651326,0.3665505188338509,0.3673858444964143,0.2652283110071713,0.2668989623322981,0.0004176628312816,139264,"[0, 0, 17]","[1.0, 35.0]",2,17,experiments/nighthawk_backend_probe_20260702/outputs/hardware_workflow/iqae_chebyshev_k1_n2_8_runtime_20260706T100638Z.csv,
real_raw,ibm_berlin,runtime_raw,2,1,8192,0.005,0.05,-1.640601856706279,0.5553494065680916,-1.9291098572856649,0.4737598931337139,-1.6456934481639582,0.0050915914576792,0.2834164091217066,0.2885080005793858,4794,0,1125,0.263120053433143,0.2627775052162464,0.2634626016500397,0.4730747966999206,0.4744449895675071,0.0003425482168966,155648,"[0, 0, 19]","[1.0, 39.0]",2,19,experiments/nighthawk_backend_probe_20260702/outputs/hardware_workflow/iqae_chebyshev_k1_n2_8_runtime_20260706T084040Z.csv,
real_raw,ibm_berlin,runtime_raw,3,1,8192,0.005,0.05,-1.640601856706279,0.5466334516883146,-1.825179940808173,0.4888234952179433,-1.632155579414209,0.0084462772920699,0.1930243613939639,0.184578084101894,12103,0,4311,0.2555882523910283,0.2552805887199602,0.2558959160620965,0.488208167875807,0.4894388225600796,0.0003076636710681,172032,"[0, 0, 21]","[1.0, 43.0]",2,21,experiments/nighthawk_backend_probe_20260702/outputs/hardware_workflow/iqae_chebyshev_k1_n2_8_runtime_20260706T091538Z.csv,
real_raw,ibm_berlin,runtime_raw,4,1,8192,0.005,0.05,-1.640601856706279,0.5262812191518782,-1.6784493467444732,0.5288509372509214,-1.6866448542178487,0.0460429975115697,0.0081955074733754,0.0378474900381942,14372,0,4347,0.2355745313745393,0.2352885163547687,0.2358605463943099,0.52827890721138,0.5294229672904627,0.0002860150197706,180224,"[0, 0, 22]","[1.0, 45.0]",2,22,experiments/nighthawk_backend_probe_20260702/outputs/hardware_workflow/iqae_chebyshev_k1_n2_8_runtime_20260706T091538Z.csv,
real_raw,ibm_berlin,runtime_raw,5,1,8192,0.005,0.05,-1.640601856706279,0.5220517636129036,-1.6492437628624546,0.4330160957045205,-1.3679660616744258,0.2726357950318532,0.2812777011880287,0.0086419061561755,19317,0,6598,0.2834919521477397,0.2831013985060298,0.2838825057894497,0.4322349884211005,0.4337972029879404,0.0003905536417099,139264,"[0, 0, 17]","[1.0, 35.0]",2,17,experiments/nighthawk_backend_probe_20260702/outputs/hardware_workflow/iqae_chebyshev_k1_n2_8_runtime_20260706T092809Z.csv,
real_raw,ibm_berlin,runtime_raw,6,1,8192,0.005,0.05,-1.640601856706279,0.5211059198057202,-1.6427244325637949,0.3424890025195917,-1.079655845270558,0.560946011435721,0.5630685872932368,0.0021225758575158,30466,0,9691,0.3287554987402041,0.3284388835741422,0.329072113906266,0.3418557721874679,0.3431222328517155,0.0003166151660619,180224,"[0, 0, 22]","[1.0, 45.0]",2,22,experiments/nighthawk_backend_probe_20260702/outputs/hardware_workflow/iqae_chebyshev_k1_n2_8_runtime_20260706T094230Z.csv,
real_raw,ibm_berlin,runtime_raw,7,1,8192,0.005,0.05,-1.640601856706279,0.5210614370124688,-1.6417192827636076,0.3562918692931491,-1.1225763231763717,0.5180255335299073,0.5191429595872359,0.0011174260573285,37379,0,13381,0.3218540653534254,0.3215245382669306,0.3221835924399201,0.3556328151201597,0.3569509234661386,0.0003295270864947,172032,"[0, 0, 21]","[1.0, 43.0]",2,21,experiments/nighthawk_backend_probe_20260702/outputs/hardware_workflow/iqae_chebyshev_k1_n2_8_runtime_20260706T095357Z.csv,
real_raw,ibm_berlin,runtime_raw,8,1,8192,0.005,0.05,-1.640601856706279,0.5185498809808726,-1.6335919276211652,0.3318699198698245,-1.04549252059249,0.5951093361137889,0.5880994070286751,0.0070099290851137,41011,0,13802,0.3340650400650877,0.3336784072634868,0.3344516728666886,0.3310966542666228,0.3326431854730263,0.0003866328016008,147456,"[0, 0, 18]","[1.0, 37.0]",2,18,experiments/nighthawk_backend_probe_20260702/outputs/hardware_workflow/iqae_chebyshev_k1_n2_8_runtime_20260706T100638Z.csv,
aer_ideal,ibm_yonsei,aer_ideal_backend_transpiled,2,1,8192,0.005,0.05,-1.640601856706279,0.5553494065680916,-1.9291098572856649,0.5552565676655876,-1.9287873640231497,0.2881855073168706,0.0003224932625152,0.2885080005793858,5355,1241,0,0.2223717161672062,0.2220783891663537,0.2226650431680586,0.5546699136638826,0.5558432216672924,0.0002933270008524,172032,"[0, 0, 21]","[1.0, 43.0]",2,21,experiments/nighthawk_backend_probe_20260702/outputs/hardware_workflow/iqae_chebyshev_k1_n2_8_aer_20260706T073641Z.csv,
aer_ideal,ibm_yonsei,aer_ideal_backend_transpiled,3,1,8192,0.005,0.05,-1.640601856706279,0.5466334516883146,-1.825179940808173,0.5469747175928421,-1.8263194094621709,0.1857175527558918,0.0011394686539978,0.184578084101894,15363,4421,0,0.2265126412035789,0.2261868760339697,0.2268384063731881,0.5463231872536237,0.5476262479320605,0.0003257651696091,155648,"[0, 0, 19]","[1.0, 39.0]",2,19,experiments/nighthawk_backend_probe_20260702/outputs/hardware_workflow/iqae_chebyshev_k1_n2_8_aer_20260706T073641Z.csv,
aer_ideal,ibm_yonsei,aer_ideal_backend_transpiled,4,1,8192,0.005,0.05,-1.640601856706279,0.5262812191518782,-1.6784493467444732,0.5262810338010335,-1.6784487556118377,0.0378468989055584,5.911326357299629e-07,0.0378474900381942,18200,6650,0,0.2368594830994832,0.236490814609791,0.2372281515891755,0.5255436968216489,0.527018370780418,0.0003686684896922,139264,"[0, 0, 17]","[1.0, 35.0]",2,17,experiments/nighthawk_backend_probe_20260702/outputs/hardware_workflow/iqae_chebyshev_k1_n2_8_aer_20260706T073641Z.csv,
aer_ideal,ibm_yonsei,aer_ideal_backend_transpiled,5,1,8192,0.005,0.05,-1.640601856706279,0.5220517636129036,-1.6492437628624546,0.5224831744981202,-1.65060665781132,0.010004801105041,0.0013628949488655,0.0086419061561755,32465,10659,0,0.2387584127509399,0.2384266442167261,0.2390901812851536,0.5218196374296926,0.5231467115665477,0.0003317685342137,155648,"[0, 0, 19]","[1.0, 39.0]",2,19,experiments/nighthawk_backend_probe_20260702/outputs/hardware_workflow/iqae_chebyshev_k1_n2_8_aer_20260706T073716Z.csv,
aer_ideal,ibm_yonsei,aer_ideal_backend_transpiled,6,1,8192,0.005,0.05,-1.640601856706279,0.5211059198057202,-1.6427244325637949,0.521092616701981,-1.6426824961115103,0.0020806394052312,4.193645228456333e-05,0.0021225758575158,30798,11291,0,0.2394536916490094,0.2390073445862855,0.2399000387117334,0.520199922576533,0.521985310827429,0.0004463470627239,114688,"[0, 0, 14]","[1.0, 29.0]",2,14,experiments/nighthawk_backend_probe_20260702/outputs/hardware_workflow/iqae_chebyshev_k1_n2_8_aer_20260706T073716Z.csv,
aer_ideal,ibm_yonsei,aer_ideal_backend_transpiled,7,1,8192,0.005,0.05,-1.640601856706279,0.5210614370124688,-1.6417192827636076,0.5210563033085573,-1.6417031078941875,0.0011012511879087,1.6174869419849358e-05,0.0011174260573285,66227,25097,0,0.2394718483457213,0.239196203270954,0.2397474934204886,0.5205050131590228,0.5216075934580919,0.0002756450747672,188416,"[0, 0, 23]","[1.0, 47.0]",2,23,experiments/nighthawk_backend_probe_20260702/outputs/hardware_workflow/iqae_chebyshev_k1_n2_8_aer_20260706T081014Z.csv,
aer_ideal,ibm_yonsei,aer_ideal_backend_transpiled,8,1,8192,0.005,0.05,-1.640601856706279,0.5185498809808726,-1.6335919276211652,0.5185342523550737,-1.6335426926335943,0.0070591640726846,4.923498757092304e-05,0.0070099290851137,71052,23983,0,0.2407328738224631,0.2404165270709229,0.2410492205740034,0.5179015588519932,0.519166945858154,0.0003163467515402,163840,"[0, 0, 20]","[1.0, 41.0]",2,20,experiments/nighthawk_backend_probe_20260702/outputs/hardware_workflow/iqae_chebyshev_k1_n2_8_aer_20260706T081014Z.csv,
aer_noise,ibm_yonsei,aer_noise_model_from_backend,2,1,8192,0.005,0.05,-1.640601856706279,0.5553494065680916,-1.9291098572856649,0.4341125449127221,-1.5079709812561364,0.1326308754501426,0.4211388760295285,0.2885080005793858,6104,1415,0,0.2829437275436389,0.282664924428047,0.2832225306592309,0.4335549386815381,0.4346701511439059,0.0002788031155919,196608,"[0, 0, 24]","[1.0, 49.0]",2,24,experiments/nighthawk_backend_probe_20260702/outputs/hardware_workflow/iqae_chebyshev_k1_n2_8_aer_20260706T073641Z.csv,
aer_noise,ibm_yonsei,aer_noise_model_from_backend,3,1,8192,0.005,0.05,-1.640601856706279,0.5466334516883146,-1.825179940808173,0.3515901551976925,-1.17394077634744,0.4666610803588389,0.6512391644607329,0.184578084101894,13747,3961,0,0.3242049224011537,0.3237993053427552,0.3246105394595522,0.3507789210808956,0.3524013893144895,0.0004056170583984,139264,"[0, 0, 17]","[1.0, 35.0]",2,17,experiments/nighthawk_backend_probe_20260702/outputs/hardware_workflow/iqae_chebyshev_k1_n2_8_aer_20260706T073641Z.csv,
aer_noise,ibm_yonsei,aer_noise_model_from_backend,4,1,8192,0.005,0.05,-1.640601856706279,0.5262812191518782,-1.6784493467444732,0.1912808322857806,-0.6100449271440848,1.030556929562194,1.0684044196003883,0.0378474900381942,25401,9346,0,0.4043595838571097,0.40405581249126,0.4046633552229594,0.1906732895540811,0.19188837501748,0.0003037713658497,196608,"[0, 0, 24]","[1.0, 49.0]",2,24,experiments/nighthawk_backend_probe_20260702/outputs/hardware_workflow/iqae_chebyshev_k1_n2_8_aer_20260706T073641Z.csv,
aer_noise,ibm_yonsei,aer_noise_model_from_backend,5,1,8192,0.005,0.05,-1.640601856706279,0.5220517636129036,-1.6492437628624546,0.0666578894156049,-0.2105827736380897,1.4300190830681894,1.4386609892243647,0.0086419061561755,39123,12916,0,0.4666710552921975,0.4663491173831983,0.4669929932011968,0.0660140135976062,0.0673017652336034,0.0003219379089992,188416,"[0, 0, 23]","[1.0, 47.0]",2,23,experiments/nighthawk_backend_probe_20260702/outputs/hardware_workflow/iqae_chebyshev_k1_n2_8_aer_20260706T073716Z.csv,
aer_noise,ibm_yonsei,aer_noise_model_from_backend,6,1,8192,0.005,0.05,-1.640601856706279,0.5211059198057202,-1.6427244325637949,0.0798176524453142,-0.2516156559316902,1.3889862007745888,1.3911087766321046,0.0021225758575158,41388,15088,0,0.4600911737773429,0.4597035726584296,0.4604787748962562,0.0790424502074875,0.0805928546831408,0.0003876011189133,155648,"[0, 0, 19]","[1.0, 39.0]",2,19,experiments/nighthawk_backend_probe_20260702/outputs/hardware_workflow/iqae_chebyshev_k1_n2_8_aer_20260706T073716Z.csv,
aer_noise,ibm_yonsei,aer_noise_model_from_backend,7,1,8192,0.005,0.05,-1.640601856706279,0.5210614370124688,-1.6417192827636076,-0.0011815834913226,0.0037228400800905,1.6443246967863696,1.6454421228436982,0.0011174260573285,34982,13012,0,0.5005907917456613,0.4999841988939882,0.5011973845973344,-0.0023947691946688,3.16022120234738e-05,0.000606592851673,98304,"[0, 0, 12]","[1.0, 25.0]",2,12,experiments/nighthawk_backend_probe_20260702/outputs/hardware_workflow/iqae_chebyshev_k1_n2_8_aer_20260706T081236Z.csv,
aer_noise,ibm_yonsei,aer_noise_model_from_backend,8,1,8192,0.005,0.05,-1.640601856706279,0.5185498809808726,-1.6335919276211652,0.0858512750693865,-0.2704579734239822,1.3701438832822967,1.363133954197183,0.0070099290851137,64003,21599,0,0.4570743624653067,0.4566660148048718,0.4574827101257417,0.0850345797485165,0.0866679703902564,0.0004083476604349,147456,"[0, 0, 18]","[1.0, 37.0]",2,18,experiments/nighthawk_backend_probe_20260702/outputs/hardware_workflow/iqae_chebyshev_k1_n2_8_aer_20260706T081259Z.csv,
real_mitigated,ibm_yonsei,runtime_dd_twirling,2,1,8192,0.005,0.05,-1.640601856706279,0.5553494065680916,-1.9291098572856649,0.3915979345685074,-1.360288543994672,0.2803133127116068,0.5688213132909927,0.2885080005793858,4851,1125,0,0.3042010327157463,0.3038432455749664,0.3045588198565261,0.3908823602869478,0.3923135088500671,0.0003577871407798,155648,"[0, 0, 19]","[1.0, 39.0]",2,19,experiments/nighthawk_backend_probe_20260702/outputs/hardware_workflow/iqae_chebyshev_k1_n2_8_runtime_20260706T084955Z.csv,
real_mitigated,ibm_yonsei,runtime_dd_twirling,3,1,8192,0.005,0.05,-1.640601856706279,0.5466334516883146,-1.825179940808173,0.1006277158758492,-0.3359905763884125,1.3046112803178664,1.4891893644197605,0.184578084101894,12038,3501,0,0.4496861420620753,0.4491994375021093,0.4501728466220414,0.0996543067559171,0.1016011249957813,0.000486704559966,122880,"[0, 0, 15]","[1.0, 31.0]",2,15,experiments/nighthawk_backend_probe_20260702/outputs/hardware_workflow/iqae_chebyshev_k1_n2_8_runtime_20260706T103314Z.csv,
real_mitigated,ibm_yonsei,runtime_dd_twirling,4,1,8192,0.005,0.05,-1.640601856706279,0.5262812191518782,-1.6784493467444732,0.0005537230083363,-0.0017659684362616,1.6388358882700174,1.6766833783082116,0.0378474900381942,21759,7808,0,0.4997231384958318,0.4993532648047897,0.500093012186874,-0.0001860243737479,0.0012934703904206,0.0003698736910421,163840,"[0, 0, 20]","[1.0, 41.0]",2,20,experiments/nighthawk_backend_probe_20260702/outputs/hardware_workflow/iqae_chebyshev_k1_n2_8_runtime_20260706T105457Z.csv,
real_mitigated,ibm_yonsei,runtime_dd_twirling,5,1,8192,0.005,0.05,-1.640601856706279,0.5220517636129036,-1.6492437628624546,0.00015622015641,-0.0004935240842969,1.640108332621982,1.6487502387781576,0.0086419061561755,20222,6752,0,0.499921889921795,0.4993152976674973,0.5005284821760927,-0.0010569643521853,0.0013694046650053,0.0006065922542976,98304,"[0, 0, 12]","[1.0, 25.0]",2,12,experiments/nighthawk_backend_probe_20260702/outputs/hardware_workflow/iqae_chebyshev_k1_n2_8_runtime_20260707T052253Z.csv,
real_mitigated,ibm_yonsei,runtime_dd_twirling,6,1,8192,0.005,0.05,-1.640601856706279,0.5211059198057202,-1.6427244325637949,0.0002219051190608,-0.0006995294947486,1.6399023272115305,1.642024903069046,0.0021225758575158,34927,12718,0,0.4998890474404696,0.4994295077772069,0.5003485871037322,-0.0006971742074644,0.001140984445586,0.0004595396632626,131072,"[0, 0, 16]","[1.0, 33.0]",2,16,experiments/nighthawk_backend_probe_20260702/outputs/hardware_workflow/iqae_chebyshev_k1_n2_8_runtime_20260707T053200Z.csv,
real_mitigated,ibm_yonsei,runtime_dd_twirling,7,1,8192,0.005,0.05,-1.640601856706279,0.5210614370124688,-1.6417192827636076,0.0001350313548829,-0.0004254461438558,1.640176410562423,1.6412938366197516,0.0011174260573285,66227,25097,0,0.4999324843225585,0.4996098287946656,0.5002551398504516,-0.0005102797009031,0.0007803424106688,0.0003226555278929,188416,"[0, 0, 23]","[1.0, 47.0]",2,23,experiments/nighthawk_backend_probe_20260702/outputs/hardware_workflow/iqae_chebyshev_k1_n2_8_runtime_20260707T060019Z.csv,
real_mitigated,ibm_yonsei,runtime_dd_twirling,8,1,8192,0.005,0.05,-1.640601856706279,0.5185498809808726,-1.6335919276211652,0.000863040094184,-0.0027188422614341,1.6378830144448449,1.630873085359731,0.0070099290851137,72746,25208,0,0.499568479952908,0.4992158091712033,0.4999211507346126,0.0001576985307748,0.0015683816575933,0.0003526707817046,172032,"[0, 0, 21]","[1.0, 43.0]",2,21,experiments/nighthawk_backend_probe_20260702/outputs/hardware_workflow/iqae_chebyshev_k1_n2_8_runtime_20260707T062805Z.csv,
real_raw,ibm_yonsei,runtime_raw,2,1,8192,0.005,0.05,-1.640601856706279,0.5553494065680916,-1.9291098572856649,0.315717624628153,-1.0967041192188778,0.5438977374874012,0.8324057380667871,0.2885080005793858,4851,1125,0,0.3421411876859235,0.3417722333505867,0.3425101420212603,0.3149797159574793,0.3164555332988266,0.0003689543353368,155648,"[0, 0, 19]","[1.0, 39.0]",2,19,experiments/nighthawk_backend_probe_20260702/outputs/hardware_workflow/iqae_chebyshev_k1_n2_8_runtime_20260706T084659Z.csv,
real_raw,ibm_yonsei,runtime_raw,3,1,8192,0.005,0.05,-1.640601856706279,0.5466334516883146,-1.825179940808173,0.3012834031372575,-1.0059692142991838,0.6346326424070952,0.8192107265089892,0.184578084101894,15651,4648,0,0.3493582984313712,0.3490056111212611,0.3497109857414813,0.3005780285170373,0.3019887777574777,0.00035268731011,163840,"[0, 0, 20]","[1.0, 41.0]",2,20,experiments/nighthawk_backend_probe_20260702/outputs/hardware_workflow/iqae_chebyshev_k1_n2_8_runtime_20260706T103314Z.csv,
real_raw,ibm_yonsei,runtime_raw,4,1,8192,0.005,0.05,-1.640601856706279,0.5262812191518782,-1.6784493467444732,0.1810986414044357,-0.5775712400519205,1.0630306166543586,1.1008781066925528,0.0378474900381942,18355,6650,0,0.4094506792977821,0.4090245565811328,0.4098768020144314,0.1802463959711371,0.1819508868377344,0.0004261227166493,139264,"[0, 0, 17]","[1.0, 35.0]",2,17,experiments/nighthawk_backend_probe_20260702/outputs/hardware_workflow/iqae_chebyshev_k1_n2_8_runtime_20260706T105457Z.csv,
real_raw,ibm_yonsei,runtime_raw,5,1,8192,0.005,0.05,-1.640601856706279,0.5220517636129036,-1.6492437628624546,0.1384264203126817,-0.4373108688228632,1.203290987883416,1.2119328940395913,0.0086419061561755,38962,12916,0,0.4307867898436591,0.4304672027097452,0.4311063769775731,0.1377872460448538,0.1390655945805095,0.0003195871339139,188416,"[0, 0, 23]","[1.0, 47.0]",2,23,experiments/nighthawk_backend_probe_20260702/outputs/hardware_workflow/iqae_chebyshev_k1_n2_8_runtime_20260707T052253Z.csv,
real_raw,ibm_yonsei,runtime_raw,6,1,8192,0.005,0.05,-1.640601856706279,0.5211059198057202,-1.6427244325637949,-0.0105377277489679,0.0332189333857289,1.673820790092008,1.6759433659495238,0.0021225758575158,17657,6488,0,0.505268863874484,0.5043768097366502,0.5061609180123179,-0.0123218360246357,-0.0087536194733004,0.0008920541378338,65536,"[0, 0, 8]","[1.0, 17.0]",2,8,experiments/nighthawk_backend_probe_20260702/outputs/hardware_workflow/iqae_chebyshev_k1_n2_8_runtime_20260707T053200Z.csv,
real_raw,ibm_yonsei,runtime_raw,7,1,8192,0.005,0.05,-1.640601856706279,0.5210614370124688,-1.6417192827636076,-0.0767706229729097,0.2418828244266801,1.8824846811329592,1.883602107190288,0.0011174260573285,59665,22768,0,0.5383853114864549,0.5380336639749643,0.5387369589979454,-0.0774739179958907,-0.0760673279499286,0.0003516475114905,172032,"[0, 0, 21]","[1.0, 43.0]",2,21,experiments/nighthawk_backend_probe_20260702/outputs/hardware_workflow/iqae_chebyshev_k1_n2_8_runtime_20260707T060019Z.csv,
real_raw,ibm_yonsei,runtime_raw_recovered,8,1,8192,0.005,0.05,-1.640601856706279,0.5185498809808726,-1.6335919276211652,-4.724390803190204e-05,0.000148832869548,1.640750689575827,1.6337407604907133,0.0070099290851137,52448,18113,0,0.500023621954016,0.4995344346172747,0.5005128092907571,-0.0010256185815142,0.0009311307654505,0.0004891873367412,122880,"[0, 0, 15]","[1.0, 31.0]",2,15,experiments/nighthawk_backend_probe_20260702/outputs/hardware_workflow/iqae_chebyshev_k1_n2_8_runtime_recovered_20260707T061918Z.csv,"d969ce0tcv6s73djg590,d969diqf47jc73a5af7g"
