task,quantity,family,mode,method,reps,data_qubits,objective_qubits,total_problem_qubits,phase_qubits,shots,phase_states,estimator_model,qae_mae_vs_analytic,qae_median_abs_error_vs_analytic,qae_mae_vs_exact,qae_median_abs_error_vs_exact,exact_mae_vs_analytic,qae_estimate_std,n_points,n_trials
first_collision_1d,D1_depth_dose,chebyshev,theta,HN-MLP,8,5,1,6,4,512,16,qpe_phase_register_mean_sampling,0.05435185323078719,0.02655469683604561,0.0603702770082999,0.029526443302679173,0.006018423777512716,2.4270343834575048,9,100
first_collision_1d,D1_depth_dose,chebyshev,theta,HN-MLP,8,5,1,6,4,2048,16,qpe_phase_register_mean_sampling,0.05442432928553888,0.026482645622174172,0.0604427530630516,0.029399392767769705,0.006018423777512716,2.426874956232319,9,100
first_collision_1d,D1_depth_dose,chebyshev,theta,HN-MLP,8,5,1,6,4,8192,16,qpe_phase_register_mean_sampling,0.05414410178531474,0.026008897718719837,0.060162525562827446,0.02892564486431537,0.006018423777512716,2.426603289655334,9,100
first_collision_1d,D1_depth_dose,chebyshev,theta,HN-MLP,8,5,1,6,6,512,64,qpe_phase_register_mean_sampling,0.03189044008527634,0.01447777661957228,0.025934564943263412,0.011207543608712511,0.006018423777512716,2.3303321665392103,9,100
first_collision_1d,D1_depth_dose,chebyshev,theta,HN-MLP,8,5,1,6,6,2048,64,qpe_phase_register_mean_sampling,0.03245845230668116,0.015412263164481077,0.026440028529168443,0.012416304480826756,0.006018423777512716,2.328961303921918,9,100
first_collision_1d,D1_depth_dose,chebyshev,theta,HN-MLP,8,5,1,6,6,8192,64,qpe_phase_register_mean_sampling,0.032309471867445996,0.01579737709939011,0.026291048089933284,0.012880629953794576,0.006018423777512716,2.3295502318676724,9,100
first_collision_1d,D1_depth_dose,chebyshev,theta,HN-MLP,8,5,1,6,8,512,256,qpe_phase_register_mean_sampling,0.0050637818007112706,0.0017100758422431417,0.004283160965772184,0.0014305021554694708,0.006018423777512716,2.3612406337306573,9,100
first_collision_1d,D1_depth_dose,chebyshev,theta,HN-MLP,8,5,1,6,8,2048,256,qpe_phase_register_mean_sampling,0.004024049607358472,0.0015387967746464115,0.002627893913205385,0.0009598353515009317,0.006018423777512716,2.3612820545701636,9,100
first_collision_1d,D1_depth_dose,chebyshev,theta,HN-MLP,8,5,1,6,8,8192,256,qpe_phase_register_mean_sampling,0.0038961988093641924,0.0018418069480643506,0.002178909174304546,0.0008865667644412656,0.006018423777512716,2.3614542922012274,9,100
first_collision_1d,D1_depth_dose,chebyshev,theta,HN-MLP,8,5,1,6,10,512,1024,qpe_phase_register_mean_sampling,0.005489340295313536,0.0025466494616264157,0.0020848379492081005,0.0007608519200390518,0.006018423777512716,2.3595927585773744,9,100
first_collision_1d,D1_depth_dose,chebyshev,theta,HN-MLP,8,5,1,6,10,2048,1024,qpe_phase_register_mean_sampling,0.005437105299693708,0.0026556918945500607,0.0011173268870601008,0.00041578609248926757,0.006018423777512716,2.359588420660147,9,100
first_collision_1d,D1_depth_dose,chebyshev,theta,HN-MLP,8,5,1,6,10,8192,1024,qpe_phase_register_mean_sampling,0.005435449001722763,0.00261888339140659,0.0007153891165468056,0.0002708322406659025,0.006018423777512716,2.35965056331283,9,100
first_collision_1d,D1_depth_dose,chebyshev,theta,qGAN,8,5,1,6,4,512,16,qpe_phase_register_mean_sampling,0.05111206332261065,0.025682284051073867,0.05975441237551216,0.029917665136259708,0.008642349052901507,2.421520233156855,9,100
first_collision_1d,D1_depth_dose,chebyshev,theta,qGAN,8,5,1,6,4,2048,16,qpe_phase_register_mean_sampling,0.05195017797955094,0.025492901266941925,0.060592527032452444,0.02968129807367348,0.008642349052901507,2.4238077798682975,9,100
first_collision_1d,D1_depth_dose,chebyshev,theta,qGAN,8,5,1,6,4,8192,16,qpe_phase_register_mean_sampling,0.05246467044763477,0.02555280011414962,0.06110701950053627,0.029741196920881174,0.008642349052901507,2.4244996809351376,9,100
first_collision_1d,D1_depth_dose,chebyshev,theta,qGAN,8,5,1,6,6,512,64,qpe_phase_register_mean_sampling,0.03580474146554031,0.016799761513720535,0.027209059277882038,0.012183555085368614,0.008642349052901507,2.3266162147123186,9,100
first_collision_1d,D1_depth_dose,chebyshev,theta,qGAN,8,5,1,6,6,2048,64,qpe_phase_register_mean_sampling,0.03664475556000834,0.01772932064086885,0.02800240650710683,0.013463041363761974,0.008642349052901507,2.3246467194987512,9,100
first_collision_1d,D1_depth_dose,chebyshev,theta,qGAN,8,5,1,6,6,8192,64,qpe_phase_register_mean_sampling,0.03633551398791607,0.017324536599095608,0.02769316493501456,0.013136139792364054,0.008642349052901507,2.3251958642373767,9,100
first_collision_1d,D1_depth_dose,chebyshev,theta,qGAN,8,5,1,6,8,512,256,qpe_phase_register_mean_sampling,0.009227238500242329,0.0034816958906390694,0.0047589965078903215,0.001513587600210628,0.008642349052901507,2.355279029301904,9,100
first_collision_1d,D1_depth_dose,chebyshev,theta,qGAN,8,5,1,6,8,2048,256,qpe_phase_register_mean_sampling,0.008965586133081538,0.003932743603633604,0.002463459810102824,0.0007896850115530207,0.008642349052901507,2.3558419732869504,9,100
first_collision_1d,D1_depth_dose,chebyshev,theta,qGAN,8,5,1,6,8,8192,256,qpe_phase_register_mean_sampling,0.008901601827143796,0.004312112394359802,0.0011543864991364246,0.0004129423472160054,0.008642349052901507,2.355713917698953,9,100
first_collision_1d,D1_depth_dose,chebyshev,theta,qGAN,8,5,1,6,10,512,1024,qpe_phase_register_mean_sampling,0.010142019579174127,0.004800916164326208,0.002472596488308746,0.0008225064478329658,0.008642349052901507,2.3545081985663288,9,100
first_collision_1d,D1_depth_dose,chebyshev,theta,qGAN,8,5,1,6,10,2048,1024,qpe_phase_register_mean_sampling,0.010335130763692272,0.004950495547097367,0.001826310379408226,0.0006434232105796411,0.008642349052901507,2.3541352608278387,9,100
first_collision_1d,D1_depth_dose,chebyshev,theta,qGAN,8,5,1,6,10,8192,1024,qpe_phase_register_mean_sampling,0.010424550035014517,0.005032662912998642,0.001784623704438722,0.0007361526468213642,0.008642349052901507,2.3540246043886217,9,100
first_collision_1d,D1_depth_dose,fft,cos_q,HN-MLP,8,5,1,6,4,512,16,qpe_phase_register_mean_sampling,0.016344796283021473,0.0059260753574790215,0.016123944273033295,0.006033995269638104,0.003824388767823178,2.3616167121787446,9,100
first_collision_1d,D1_depth_dose,fft,cos_q,HN-MLP,8,5,1,6,4,2048,16,qpe_phase_register_mean_sampling,0.008573287324672803,0.0029269140192850207,0.008525471757831603,0.002853180870224181,0.003824388767823178,2.363933679504475,9,100
first_collision_1d,D1_depth_dose,fft,cos_q,HN-MLP,8,5,1,6,4,8192,16,qpe_phase_register_mean_sampling,0.004641031829343498,0.0016220906361919668,0.004179421096471557,0.0013514791669969606,0.003824388767823178,2.3629170164788644,9,100
first_collision_1d,D1_depth_dose,fft,cos_q,HN-MLP,8,5,1,6,6,512,64,qpe_phase_register_mean_sampling,0.02947941412982574,0.013596694994939873,0.02565502536200256,0.011676945246823056,0.003824388767823178,2.332543456589084,9,100
first_collision_1d,D1_depth_dose,fft,cos_q,HN-MLP,8,5,1,6,6,2048,64,qpe_phase_register_mean_sampling,0.02889984150717003,0.014277996925698422,0.025075452739346856,0.012424558976733224,0.003824388767823178,2.33395070552893,9,100
first_collision_1d,D1_depth_dose,fft,cos_q,HN-MLP,8,5,1,6,6,8192,64,qpe_phase_register_mean_sampling,0.0292214594628161,0.01403477454684332,0.02539707069499292,0.012181336597878123,0.003824388767823178,2.333069113201965,9,100
first_collision_1d,D1_depth_dose,fft,cos_q,HN-MLP,8,5,1,6,8,512,256,qpe_phase_register_mean_sampling,0.008735032343638066,0.004020470075952742,0.004964005177242987,0.0020426611505111048,0.003824388767823178,2.3560524640628895,9,100
first_collision_1d,D1_depth_dose,fft,cos_q,HN-MLP,8,5,1,6,8,2048,256,qpe_phase_register_mean_sampling,0.008914745112538947,0.004447796420097072,0.005090356344715768,0.0025507964309544606,0.003824388767823178,2.355883364216394,9,100
first_collision_1d,D1_depth_dose,fft,cos_q,HN-MLP,8,5,1,6,8,8192,256,qpe_phase_register_mean_sampling,0.009003080046167943,0.004306424805440523,0.005178691278344765,0.0024529868564753254,0.003824388767823178,2.355664567139184,9,100
first_collision_1d,D1_depth_dose,fft,cos_q,HN-MLP,8,5,1,6,10,512,1024,qpe_phase_register_mean_sampling,0.003012201844605683,0.0011042610953120313,0.0018243276939042222,0.0006375663315222602,0.003824388767823178,2.3623966615845045,9,100
first_collision_1d,D1_depth_dose,fft,cos_q,HN-MLP,8,5,1,6,10,2048,1024,qpe_phase_register_mean_sampling,0.0030256208521010895,0.0013470691988030081,0.0011192586834111065,0.0003964442257516354,0.003824388767823178,2.3623845317117445,9,100
first_collision_1d,D1_depth_dose,fft,cos_q,HN-MLP,8,5,1,6,10,8192,1024,qpe_phase_register_mean_sampling,0.0029874094185065475,0.0014537196482315995,0.0008649746162928235,0.0003225741731592846,0.003824388767823178,2.3623814883309397,9,100
first_collision_1d,D1_depth_dose,fft,cos_q,qGAN,8,5,1,6,4,512,16,qpe_phase_register_mean_sampling,0.20850287192886163,0.1011969922602618,0.01060173096461013,0.004989070519869632,0.21910460289347175,2.599385402995243,9,100
first_collision_1d,D1_depth_dose,fft,cos_q,qGAN,8,5,1,6,4,2048,16,qpe_phase_register_mean_sampling,0.20851500379141005,0.10107617063957952,0.010589599102061708,0.005109892140551908,0.21910460289347175,2.5993557695457334,9,100
first_collision_1d,D1_depth_dose,fft,cos_q,qGAN,8,5,1,6,4,8192,16,qpe_phase_register_mean_sampling,0.20858463117612436,0.10109829681148208,0.010519971717347395,0.005087765968649349,0.21910460289347175,2.5994325108831613,9,100
first_collision_1d,D1_depth_dose,fft,cos_q,qGAN,8,5,1,6,6,512,64,qpe_phase_register_mean_sampling,0.2082562491874734,0.10118763300615619,0.010848353705998353,0.004998429773975244,0.21910460289347175,2.5990405364738387,9,100
first_collision_1d,D1_depth_dose,fft,cos_q,qGAN,8,5,1,6,6,2048,64,qpe_phase_register_mean_sampling,0.20829718882351891,0.10089609600138416,0.01080741406995283,0.005289966778747268,0.21910460289347175,2.5992093026392333,9,100
first_collision_1d,D1_depth_dose,fft,cos_q,qGAN,8,5,1,6,6,8192,64,qpe_phase_register_mean_sampling,0.2081667351762872,0.10097521300736678,0.01093786771718455,0.0052108497727646474,0.21910460289347175,2.5989646742041566,9,100
first_collision_1d,D1_depth_dose,fft,cos_q,qGAN,8,5,1,6,8,512,256,qpe_phase_register_mean_sampling,0.21190055468125757,0.10263166390019796,0.007333880767595093,0.0028028692123200916,0.21910460289347175,2.603078314368974,9,100
first_collision_1d,D1_depth_dose,fft,cos_q,qGAN,8,5,1,6,8,2048,256,qpe_phase_register_mean_sampling,0.2119685427373018,0.10269728225114805,0.007139096997596308,0.0032617995500008323,0.21910460289347175,2.6033248751627607,9,100
first_collision_1d,D1_depth_dose,fft,cos_q,qGAN,8,5,1,6,8,8192,256,qpe_phase_register_mean_sampling,0.21196942561625828,0.10270893849676854,0.007135177277213455,0.003477124283362887,0.21910460289347175,2.6032211777369585,9,100
first_collision_1d,D1_depth_dose,fft,cos_q,qGAN,8,5,1,6,10,512,1024,qpe_phase_register_mean_sampling,0.21720450847119746,0.1053936263148113,0.0023879651029709162,0.0007083869322784819,0.21910460289347175,2.6088825638483812,9,100
first_collision_1d,D1_depth_dose,fft,cos_q,qGAN,8,5,1,6,10,2048,1024,qpe_phase_register_mean_sampling,0.21739133993671475,0.10528197451535126,0.0017668352168333985,0.0006795305919653216,0.21910460289347175,2.609352353214234,9,100
first_collision_1d,D1_depth_dose,fft,cos_q,qGAN,8,5,1,6,10,8192,1024,qpe_phase_register_mean_sampling,0.21734272984342895,0.10531861683355803,0.001763029769345124,0.0008404852932306084,0.21910460289347175,2.6092364468151192,9,100
second_collision_2d,D2_depth_dose,chebyshev,theta,HN-MLP,24,10,1,11,4,512,16,qpe_phase_register_mean_sampling,0.03099396900203332,0.019241630964780376,0.04053351292260619,0.013963419949160116,0.025386680341171364,0.3248252677720616,9,100
second_collision_2d,D2_depth_dose,chebyshev,theta,HN-MLP,24,10,1,11,4,2048,16,qpe_phase_register_mean_sampling,0.02802937855717796,0.017156096659303857,0.038807947243876886,0.012096493198067753,0.025386680341171364,0.32331974390937734,9,100
second_collision_2d,D2_depth_dose,chebyshev,theta,HN-MLP,24,10,1,11,4,8192,16,qpe_phase_register_mean_sampling,0.027320365018683512,0.01678840494863397,0.03808854838077759,0.011537685257870106,0.025386680341171364,0.3228460435026524,9,100
second_collision_2d,D2_depth_dose,chebyshev,theta,HN-MLP,24,10,1,11,6,512,64,qpe_phase_register_mean_sampling,0.018224687021231745,0.014705372332994598,0.014001242577517097,0.006217553929214498,0.025386680341171364,0.29630307111629567,9,100
second_collision_2d,D2_depth_dose,chebyshev,theta,HN-MLP,24,10,1,11,6,2048,64,qpe_phase_register_mean_sampling,0.016888992049289855,0.014481854572119895,0.013169060173702025,0.0052433743164252145,0.025386680341171364,0.29594718105263185,9,100
second_collision_2d,D2_depth_dose,chebyshev,theta,HN-MLP,24,10,1,11,6,8192,64,qpe_phase_register_mean_sampling,0.016454553820310285,0.01444602246006571,0.01312310526786483,0.005020076574950072,0.025386680341171364,0.2960129495965132,9,100
second_collision_2d,D2_depth_dose,chebyshev,theta,HN-MLP,24,10,1,11,8,512,256,qpe_phase_register_mean_sampling,0.02435822832116673,0.023347626570084656,0.0032470296530850975,0.0017850572417134197,0.025386680341171364,0.28307623475173255,9,100
second_collision_2d,D2_depth_dose,chebyshev,theta,HN-MLP,24,10,1,11,8,2048,256,qpe_phase_register_mean_sampling,0.024461229520935324,0.024835033651475935,0.002806818273561716,0.001601308931937124,0.025386680341171364,0.28303896810347223,9,100
second_collision_2d,D2_depth_dose,chebyshev,theta,HN-MLP,24,10,1,11,8,8192,256,qpe_phase_register_mean_sampling,0.02442507818288904,0.02470556065741497,0.0025617366963699246,0.0015872564345062491,0.025386680341171364,0.28307875228639734,9,100
second_collision_2d,D2_depth_dose,chebyshev,theta,HN-MLP,24,10,1,11,10,512,1024,qpe_phase_register_mean_sampling,0.025188547901100155,0.025641343182794485,0.0011737105604843654,0.000716762619529826,0.025386680341171364,0.28361727152143,9,100
second_collision_2d,D2_depth_dose,chebyshev,theta,HN-MLP,24,10,1,11,10,2048,1024,qpe_phase_register_mean_sampling,0.025211453923172797,0.025760033126945248,0.0008310202982806728,0.0005804985340945867,0.025386680341171364,0.2836407945239716,9,100
second_collision_2d,D2_depth_dose,chebyshev,theta,HN-MLP,24,10,1,11,10,8192,1024,qpe_phase_register_mean_sampling,0.025188083870339655,0.025479651637626194,0.0006363200789351272,0.0004833167392284121,0.025386680341171364,0.2836673818058381,9,100
second_collision_2d,D2_depth_dose,chebyshev,theta,qGAN,24,10,1,11,4,512,16,qpe_phase_register_mean_sampling,0.030498153557944694,0.022905530518574316,0.036067101337156335,0.012229442138538993,0.031144956445024765,0.32274492889591083,9,100
second_collision_2d,D2_depth_dose,chebyshev,theta,qGAN,24,10,1,11,4,2048,16,qpe_phase_register_mean_sampling,0.02809989060335535,0.0232388317899056,0.034377729157836524,0.009100178563977879,0.031144956445024765,0.3219412482531235,9,100
second_collision_2d,D2_depth_dose,chebyshev,theta,qGAN,24,10,1,11,4,8192,16,qpe_phase_register_mean_sampling,0.027568195285441785,0.024065795831531928,0.03383827037174141,0.007784433215137734,0.031144956445024765,0.32173554502355006,9,100
second_collision_2d,D2_depth_dose,chebyshev,theta,qGAN,24,10,1,11,6,512,64,qpe_phase_register_mean_sampling,0.022876882958701782,0.02135596756597785,0.012471002689557031,0.004113590994082917,0.031144956445024765,0.2945130133275615,9,100
second_collision_2d,D2_depth_dose,chebyshev,theta,qGAN,24,10,1,11,6,2048,64,qpe_phase_register_mean_sampling,0.022206789723726528,0.017624970106698445,0.012056256003450413,0.004007915169458864,0.031144956445024765,0.2944058437430671,9,100
second_collision_2d,D2_depth_dose,chebyshev,theta,qGAN,24,10,1,11,6,8192,64,qpe_phase_register_mean_sampling,0.022275684186366915,0.01808618804217338,0.011693196822799963,0.003732536305214834,0.031144956445024765,0.29426460285085254,9,100
second_collision_2d,D2_depth_dose,chebyshev,theta,qGAN,24,10,1,11,8,512,256,qpe_phase_register_mean_sampling,0.02876822160838486,0.026985847257449014,0.0035674453059039877,0.002512119484178066,0.031144956445024765,0.28381318529139776,9,100
second_collision_2d,D2_depth_dose,chebyshev,theta,qGAN,24,10,1,11,8,2048,256,qpe_phase_register_mean_sampling,0.028818767939893197,0.025841469572722098,0.003270728546452427,0.002174972270851446,0.031144956445024765,0.28379348480878536,9,100
second_collision_2d,D2_depth_dose,chebyshev,theta,qGAN,24,10,1,11,8,8192,256,qpe_phase_register_mean_sampling,0.028808755732288967,0.02585512955933139,0.0031227297827201915,0.0020998607601390024,0.031144956445024765,0.28376954873027677,9,100
second_collision_2d,D2_depth_dose,chebyshev,theta,qGAN,24,10,1,11,10,512,1024,qpe_phase_register_mean_sampling,0.030795325917299114,0.031888741317776026,0.0010924237065593379,0.0005397070114164099,0.031144956445024765,0.28320601553870445,9,100
second_collision_2d,D2_depth_dose,chebyshev,theta,qGAN,24,10,1,11,10,2048,1024,qpe_phase_register_mean_sampling,0.03079989692001293,0.031865752945461234,0.0007920322798390263,0.0004612175505793459,0.031144956445024765,0.2832225400033297,9,100
second_collision_2d,D2_depth_dose,chebyshev,theta,qGAN,24,10,1,11,10,8192,1024,qpe_phase_register_mean_sampling,0.03083065033764422,0.031846360964915305,0.0006681578390171531,0.0004429192678939431,0.031144956445024765,0.2831764809639867,9,100
second_collision_2d,D2_depth_dose,fft,cos_q,HN-MLP,8,10,1,11,4,512,16,qpe_phase_register_mean_sampling,0.030219327050110382,0.028424430589071487,0.042400506165064654,0.04653455640200785,0.0157958311979821,0.30453972482091096,9,100
second_collision_2d,D2_depth_dose,fft,cos_q,HN-MLP,8,10,1,11,4,2048,16,qpe_phase_register_mean_sampling,0.029890176218985726,0.02829533887187438,0.042073512356156695,0.04830119268450811,0.0157958311979821,0.3042375993037961,9,100
second_collision_2d,D2_depth_dose,fft,cos_q,HN-MLP,8,10,1,11,4,8192,16,qpe_phase_register_mean_sampling,0.029948176686072643,0.027176058296052824,0.04213387018438465,0.04948305541810866,0.0157958311979821,0.304242593472485,9,100
second_collision_2d,D2_depth_dose,fft,cos_q,HN-MLP,8,10,1,11,6,512,64,qpe_phase_register_mean_sampling,0.01423104591442158,0.014829467713500938,0.00853755538125105,0.004806753168353564,0.0157958311979821,0.29610734539252964,9,100
second_collision_2d,D2_depth_dose,fft,cos_q,HN-MLP,8,10,1,11,6,2048,64,qpe_phase_register_mean_sampling,0.014175043619929124,0.015014884126661604,0.008277970611943028,0.004873023830716444,0.0157958311979821,0.29636372528465404,9,100
second_collision_2d,D2_depth_dose,fft,cos_q,HN-MLP,8,10,1,11,6,8192,64,qpe_phase_register_mean_sampling,0.014012808615738313,0.01508032346834079,0.008247611682832664,0.005604207296364072,0.0157958311979821,0.29636389112437234,9,100
second_collision_2d,D2_depth_dose,fft,cos_q,HN-MLP,8,10,1,11,8,512,256,qpe_phase_register_mean_sampling,0.013402177762471672,0.014746308058624175,0.0032416419916195516,0.0020201083368736883,0.0157958311979821,0.29390193888390326,9,100
second_collision_2d,D2_depth_dose,fft,cos_q,HN-MLP,8,10,1,11,8,2048,256,qpe_phase_register_mean_sampling,0.013504463407025987,0.014891468726359575,0.00297955153367254,0.0020886331228152644,0.0157958311979821,0.29379756579531835,9,100
second_collision_2d,D2_depth_dose,fft,cos_q,HN-MLP,8,10,1,11,8,8192,256,qpe_phase_register_mean_sampling,0.013447629752211317,0.014858728857167908,0.002986513877523946,0.0022672946260084426,0.0157958311979821,0.2938147253477562,9,100
second_collision_2d,D2_depth_dose,fft,cos_q,HN-MLP,8,10,1,11,10,512,1024,qpe_phase_register_mean_sampling,0.015561500743191143,0.016858962889890416,0.001098116626181976,0.0007054214738844711,0.0157958311979821,0.29180430013701325,9,100
second_collision_2d,D2_depth_dose,fft,cos_q,HN-MLP,8,10,1,11,10,2048,1024,qpe_phase_register_mean_sampling,0.015581533787065857,0.017537928168717326,0.0007347698952971509,0.0005350067452376869,0.0157958311979821,0.2918522154193142,9,100
second_collision_2d,D2_depth_dose,fft,cos_q,HN-MLP,8,10,1,11,10,8192,1024,qpe_phase_register_mean_sampling,0.015611700747476963,0.01778690720839779,0.000592235233161309,0.0004409304298717831,0.0157958311979821,0.2918321118260108,9,100
second_collision_2d,D2_depth_dose,fft,cos_q,qGAN,8,10,1,11,4,512,16,qpe_phase_register_mean_sampling,0.12454810639180451,0.11683374961375571,0.03493653107078345,0.017177804582570927,0.14745495066627465,0.2462807779215077,9,100
second_collision_2d,D2_depth_dose,fft,cos_q,qGAN,8,10,1,11,4,2048,16,qpe_phase_register_mean_sampling,0.12433918746309573,0.11730953858209325,0.033802262486711955,0.014057879603023238,0.14745495066627465,0.24626013552108256,9,100
second_collision_2d,D2_depth_dose,fft,cos_q,qGAN,8,10,1,11,4,8192,16,qpe_phase_register_mean_sampling,0.12424242285754715,0.11696512771674605,0.03382103859795346,0.014133524302083894,0.14745495066627465,0.2464699351538757,9,100
second_collision_2d,D2_depth_dose,fft,cos_q,qGAN,8,10,1,11,6,512,64,qpe_phase_register_mean_sampling,0.14131701550686687,0.15858773742013013,0.009992976800287948,0.006259561903012238,0.14745495066627465,0.21938153196706944,9,100
second_collision_2d,D2_depth_dose,fft,cos_q,qGAN,8,10,1,11,6,2048,64,qpe_phase_register_mean_sampling,0.14149187733019875,0.15765794554049106,0.009153032583958007,0.005598044982355714,0.14745495066627465,0.21907608735714945,9,100
second_collision_2d,D2_depth_dose,fft,cos_q,qGAN,8,10,1,11,6,8192,64,qpe_phase_register_mean_sampling,0.1413193610079807,0.15763545810811702,0.00898254917522797,0.005341556178626049,0.14745495066627465,0.21920361412694353,9,100
second_collision_2d,D2_depth_dose,fft,cos_q,qGAN,8,10,1,11,8,512,256,qpe_phase_register_mean_sampling,0.14667992690401546,0.14806351642378027,0.002396850688682114,0.0014302050163043922,0.14745495066627465,0.21355613116697808,9,100
second_collision_2d,D2_depth_dose,fft,cos_q,qGAN,8,10,1,11,8,2048,256,qpe_phase_register_mean_sampling,0.146694203253902,0.14776505526639164,0.0017543239057627481,0.0011064445936431466,0.14745495066627465,0.21362727621572997,9,100
second_collision_2d,D2_depth_dose,fft,cos_q,qGAN,8,10,1,11,8,8192,256,qpe_phase_register_mean_sampling,0.14667292375121652,0.1475828636096124,0.0015405830767020034,0.0008825380285810702,0.14745495066627465,0.21355146410693546,9,100
second_collision_2d,D2_depth_dose,fft,cos_q,qGAN,8,10,1,11,10,512,1024,qpe_phase_register_mean_sampling,0.14712839793635105,0.1521379260590594,0.0011428900535002274,0.0005844676657917325,0.14745495066627465,0.21408778169368842,9,100
second_collision_2d,D2_depth_dose,fft,cos_q,qGAN,8,10,1,11,10,2048,1024,qpe_phase_register_mean_sampling,0.14712923097729208,0.152208985941865,0.0007571079671051303,0.00041691812707495696,0.14745495066627465,0.21406419191201503,9,100
second_collision_2d,D2_depth_dose,fft,cos_q,qGAN,8,10,1,11,10,8192,1024,qpe_phase_register_mean_sampling,0.1471000002144836,0.15204409438631647,0.00064281944966922,0.00039836475962137796,0.14745495066627465,0.21409411367495929,9,100
second_collision_2d,rho2_profile_z0p5,chebyshev,theta,HN-MLP,24,10,1,11,4,512,16,qpe_phase_register_mean_sampling,0.22215297395215072,0.06456502739157227,0.20630277501487942,0.07119651578303025,0.10530615352880593,2.5394257755695238,9,100
second_collision_2d,rho2_profile_z0p5,chebyshev,theta,HN-MLP,24,10,1,11,4,2048,16,qpe_phase_register_mean_sampling,0.21308409363769024,0.06923098526143862,0.20944987105648702,0.07282370558894065,0.10530615352880593,2.5594053805311607,9,100
second_collision_2d,rho2_profile_z0p5,chebyshev,theta,HN-MLP,24,10,1,11,4,8192,16,qpe_phase_register_mean_sampling,0.21207262983439884,0.07206541842057007,0.21095351713906738,0.07315819641909706,0.10530615352880593,2.5619582285673896,9,100
second_collision_2d,rho2_profile_z0p5,chebyshev,theta,HN-MLP,24,10,1,11,6,512,64,qpe_phase_register_mean_sampling,0.16711667119446963,0.009414736751376229,0.15356093369235999,0.007879941000116259,0.10530615352880593,2.693064901892495,9,100
second_collision_2d,rho2_profile_z0p5,chebyshev,theta,HN-MLP,24,10,1,11,6,2048,64,qpe_phase_register_mean_sampling,0.16015622215485528,0.00913529003985053,0.14520085854045797,0.007480793616618117,0.10530615352880593,2.6732721566279367,9,100
second_collision_2d,rho2_profile_z0p5,chebyshev,theta,HN-MLP,24,10,1,11,6,8192,64,qpe_phase_register_mean_sampling,0.16435157219044996,0.009070596960916468,0.14899282850214726,0.007459040425477938,0.10530615352880593,2.684585262471351,9,100
second_collision_2d,rho2_profile_z0p5,chebyshev,theta,HN-MLP,24,10,1,11,8,512,256,qpe_phase_register_mean_sampling,0.10423010969966365,0.005912407272029924,0.01409441167434205,0.0020221828353583354,0.10530615352880593,2.321429965710237,9,100
second_collision_2d,rho2_profile_z0p5,chebyshev,theta,HN-MLP,24,10,1,11,8,2048,256,qpe_phase_register_mean_sampling,0.10331248268565496,0.00586179097381688,0.009182904770416564,0.0018252582294354357,0.10530615352880593,2.32044061046345,9,100
second_collision_2d,rho2_profile_z0p5,chebyshev,theta,HN-MLP,24,10,1,11,8,8192,256,qpe_phase_register_mean_sampling,0.10346485592444732,0.005860746110750402,0.006307729692092772,0.0017870154126307103,0.10530615352880593,2.3205893898353454,9,100
second_collision_2d,rho2_profile_z0p5,chebyshev,theta,HN-MLP,24,10,1,11,10,512,1024,qpe_phase_register_mean_sampling,0.09525261313826415,0.005672605224079474,0.01523782861989921,0.0006810508863931003,0.10530615352880593,2.358761980581057,9,100
second_collision_2d,rho2_profile_z0p5,chebyshev,theta,HN-MLP,24,10,1,11,10,2048,1024,qpe_phase_register_mean_sampling,0.0934629098431773,0.005800300372684808,0.014866849665854965,0.0007240936447680327,0.10530615352880593,2.359569140921132,9,100
second_collision_2d,rho2_profile_z0p5,chebyshev,theta,HN-MLP,24,10,1,11,10,8192,1024,qpe_phase_register_mean_sampling,0.09243036626942358,0.005759650816107728,0.016001937293102106,0.0007184188652270725,0.10530615352880593,2.3625464280756585,9,100
second_collision_2d,rho2_profile_z0p5,chebyshev,theta,qGAN,24,10,1,11,4,512,16,qpe_phase_register_mean_sampling,0.6792490664470325,0.0796981958822473,0.5388621587125142,0.0644432965631612,0.15594577221952793,3.7986465096957738,9,100
second_collision_2d,rho2_profile_z0p5,chebyshev,theta,qGAN,24,10,1,11,4,2048,16,qpe_phase_register_mean_sampling,0.6728620585097183,0.0813702178884993,0.5324751507751999,0.06517474800947301,0.15594577221952793,3.7687855662575354,9,100
second_collision_2d,rho2_profile_z0p5,chebyshev,theta,qGAN,24,10,1,11,4,8192,16,qpe_phase_register_mean_sampling,0.6745785437232041,0.08167597737413748,0.5341916359886859,0.06528158597655548,0.15594577221952793,3.770657624602708,9,100
second_collision_2d,rho2_profile_z0p5,chebyshev,theta,qGAN,24,10,1,11,6,512,64,qpe_phase_register_mean_sampling,0.23720711693800445,0.014213281290840388,0.08604178636939495,0.0021000528182595207,0.15594577221952793,2.9098519146004618,9,100
second_collision_2d,rho2_profile_z0p5,chebyshev,theta,qGAN,24,10,1,11,6,2048,64,qpe_phase_register_mean_sampling,0.2374954601661858,0.014506305259842207,0.0823148376185988,0.002218246489857613,0.15594577221952793,2.9080961305993527,9,100
second_collision_2d,rho2_profile_z0p5,chebyshev,theta,qGAN,24,10,1,11,6,8192,64,qpe_phase_register_mean_sampling,0.23936692169974177,0.014501411091258562,0.08418992291567366,0.0022133523212739675,0.15594577221952793,2.9125570490443597,9,100
second_collision_2d,rho2_profile_z0p5,chebyshev,theta,qGAN,24,10,1,11,8,512,256,qpe_phase_register_mean_sampling,0.16049661162118686,0.01190869899828878,0.012301922757573096,0.0008818852784249764,0.15594577221952793,2.755312962611264,9,100
second_collision_2d,rho2_profile_z0p5,chebyshev,theta,qGAN,24,10,1,11,8,2048,256,qpe_phase_register_mean_sampling,0.16009064446510007,0.011981593393197064,0.011239883165568097,0.0008539967607826653,0.15594577221952793,2.7536648263919137,9,100
second_collision_2d,rho2_profile_z0p5,chebyshev,theta,qGAN,24,10,1,11,8,8192,256,qpe_phase_register_mean_sampling,0.15987498571198075,0.011993834598402059,0.010915949560381765,0.0009358013490076977,0.15594577221952793,2.753330312539298,9,100
second_collision_2d,rho2_profile_z0p5,chebyshev,theta,qGAN,24,10,1,11,10,512,1024,qpe_phase_register_mean_sampling,0.1565006497150685,0.012146132782737518,0.0060781241962761315,0.00031433639583999806,0.15594577221952793,2.75938882237026,9,100
second_collision_2d,rho2_profile_z0p5,chebyshev,theta,qGAN,24,10,1,11,10,2048,1024,qpe_phase_register_mean_sampling,0.1570203886068953,0.0123257540565778,0.004779479430559416,0.0003009354526042757,0.15594577221952793,2.7606102050078727,9,100
second_collision_2d,rho2_profile_z0p5,chebyshev,theta,qGAN,24,10,1,11,10,8192,1024,qpe_phase_register_mean_sampling,0.15704539054388197,0.012365116658115752,0.0032937695281227736,0.00025846169197287286,0.15594577221952793,2.7605731414080337,9,100
second_collision_2d,rho2_profile_z0p5,fft,cos_q,HN-MLP,8,10,1,11,4,512,16,qpe_phase_register_mean_sampling,0.6696033986360036,0.04874387730303807,0.17749636552607892,0.06710321210001258,0.6434811585853396,1.9627600244014765,9,100
second_collision_2d,rho2_profile_z0p5,fft,cos_q,HN-MLP,8,10,1,11,4,2048,16,qpe_phase_register_mean_sampling,0.6686639007599839,0.047615687648366434,0.18145666205217276,0.06750520361352268,0.6434811585853396,1.9686924916934982,9,100
second_collision_2d,rho2_profile_z0p5,fft,cos_q,HN-MLP,8,10,1,11,4,8192,16,qpe_phase_register_mean_sampling,0.6649861237330681,0.046427033477099575,0.1837733916629614,0.06694051247468044,0.6434811585853396,1.9732202585707235,9,100
second_collision_2d,rho2_profile_z0p5,fft,cos_q,HN-MLP,8,10,1,11,6,512,64,qpe_phase_register_mean_sampling,0.6511247134187717,0.012495130675379478,0.02439013938043329,0.008174974953027499,0.6434811585853396,1.7659385310516174,9,100
second_collision_2d,rho2_profile_z0p5,fft,cos_q,HN-MLP,8,10,1,11,6,2048,64,qpe_phase_register_mean_sampling,0.6503653509796938,0.012311210134029187,0.02443558097732371,0.008598547749606094,0.6434811585853396,1.7664309896440962,9,100
second_collision_2d,rho2_profile_z0p5,fft,cos_q,HN-MLP,8,10,1,11,6,8192,64,qpe_phase_register_mean_sampling,0.6507534486745759,0.012286884516030164,0.02435861488010981,0.009056643011089167,0.6434811585853396,1.7664369738392764,9,100
second_collision_2d,rho2_profile_z0p5,fft,cos_q,HN-MLP,8,10,1,11,8,512,256,qpe_phase_register_mean_sampling,0.6434388527617863,0.006266134835158376,0.01518059603947538,0.00237234383927876,0.6434811585853396,1.7598053003144363,9,100
second_collision_2d,rho2_profile_z0p5,fft,cos_q,HN-MLP,8,10,1,11,8,2048,256,qpe_phase_register_mean_sampling,0.6434300852067101,0.005881678078861606,0.014215555632630092,0.0024831643445938564,0.6434811585853396,1.7585952806234164,9,100
second_collision_2d,rho2_profile_z0p5,fft,cos_q,HN-MLP,8,10,1,11,8,8192,256,qpe_phase_register_mean_sampling,0.6434189194350249,0.0053963905231771275,0.014321206079670943,0.002298757733768437,0.6434811585853396,1.7590005799981898,9,100
second_collision_2d,rho2_profile_z0p5,fft,cos_q,HN-MLP,8,10,1,11,10,512,1024,qpe_phase_register_mean_sampling,0.6418603075354953,0.007511566445396724,0.003324927386271394,0.0005620172380523258,0.6434811585853396,1.7378714748588442,9,100
second_collision_2d,rho2_profile_z0p5,fft,cos_q,HN-MLP,8,10,1,11,10,2048,1024,qpe_phase_register_mean_sampling,0.6421754556171316,0.007312096787092479,0.0024379383813767585,0.0004897292415432034,0.6434811585853396,1.7377632282448494,9,100
second_collision_2d,rho2_profile_z0p5,fft,cos_q,HN-MLP,8,10,1,11,10,8192,1024,qpe_phase_register_mean_sampling,0.6420557882263483,0.007286647188476443,0.0019049362191227671,0.00048373771302496343,0.6434811585853396,1.7373636881854795,9,100
second_collision_2d,rho2_profile_z0p5,fft,cos_q,qGAN,8,10,1,11,4,512,16,qpe_phase_register_mean_sampling,0.690189333782223,0.06871255025934644,0.11469364922184638,0.047854637955582514,0.6530030974794915,1.1486549906036676,9,100
second_collision_2d,rho2_profile_z0p5,fft,cos_q,qGAN,8,10,1,11,4,2048,16,qpe_phase_register_mean_sampling,0.6901203976748482,0.07054217093215852,0.11459577397281855,0.04716419408037307,0.6530030974794915,1.1478390311890907,9,100
second_collision_2d,rho2_profile_z0p5,fft,cos_q,qGAN,8,10,1,11,4,8192,16,qpe_phase_register_mean_sampling,0.6905744072621641,0.07068143386146455,0.11411065883534308,0.04672577041443986,0.6530030974794915,1.147035087273302,9,100
second_collision_2d,rho2_profile_z0p5,fft,cos_q,qGAN,8,10,1,11,6,512,64,qpe_phase_register_mean_sampling,0.6622503299984456,0.0339657546555604,0.07102882230693398,0.011423024423764971,0.6530030974794915,1.132629521510611,9,100
second_collision_2d,rho2_profile_z0p5,fft,cos_q,qGAN,8,10,1,11,6,2048,64,qpe_phase_register_mean_sampling,0.6633193518992885,0.03398209196347783,0.06988909284098756,0.010875719398957602,0.6530030974794915,1.1310268028209403,9,100
second_collision_2d,rho2_profile_z0p5,fft,cos_q,qGAN,8,10,1,11,6,8192,64,qpe_phase_register_mean_sampling,0.6629900866382356,0.03387481151060563,0.07010454592994182,0.010348200374492758,0.6530030974794915,1.1312849532403995,9,100
second_collision_2d,rho2_profile_z0p5,fft,cos_q,qGAN,8,10,1,11,8,512,256,qpe_phase_register_mean_sampling,0.6476182590328419,0.024644406262396983,0.010024274550297401,0.001171501391999296,0.6530030974794915,1.0402225741656448,9,100
second_collision_2d,rho2_profile_z0p5,fft,cos_q,qGAN,8,10,1,11,8,2048,256,qpe_phase_register_mean_sampling,0.6478757235463052,0.024946777818228745,0.008934361238304916,0.0011772527450150186,0.6530030974794915,1.040892262869528,9,100
second_collision_2d,rho2_profile_z0p5,fft,cos_q,qGAN,8,10,1,11,8,8192,256,qpe_phase_register_mean_sampling,0.6476887498595032,0.02515774224937955,0.008293429647201804,0.0011179639723261567,0.6530030974794915,1.0404495078916556,9,100
second_collision_2d,rho2_profile_z0p5,fft,cos_q,qGAN,8,10,1,11,10,512,1024,qpe_phase_register_mean_sampling,0.6534116804558094,0.02430769262681104,0.00073265023684411,0.00017070888984793697,0.6530030974794915,1.0274080085939483,9,100
second_collision_2d,rho2_profile_z0p5,fft,cos_q,qGAN,8,10,1,11,10,2048,1024,qpe_phase_register_mean_sampling,0.6535281595184692,0.024610792862946734,0.0006320575314800443,0.00017070888984793697,0.6530030974794915,1.0272273469861941,9,100
second_collision_2d,rho2_profile_z0p5,fft,cos_q,qGAN,8,10,1,11,10,8192,1024,qpe_phase_register_mean_sampling,0.65349858087574,0.024531429740224153,0.0005708162113805393,0.00017070888984793697,0.6530030974794915,1.0272696524036964,9,100
